id_propriedade_aeronave;id_companhia;id_aeronave;proprietario;sg_uf;cpf_cnpj;nm_operador;nr_cert_matricula;dt_validade_cva;dt_validade_ca;dt_canc;cd_interdicao;ds_gravame;dt_matricula
9a983e26-7352-4a19-a9e4-994aaf9fe64b;ce426038-3585-408e-ac04-b844922479ef;1af4b9a5-10c7-4989-93bb-66e9cb07439b;AZUL CONECTA LTDA;SP;04.263.318/0001-16;AZUL CONECTA LTDA;14719.0;10082027.0;10082027.0;;N;NENHUM GRAVAME REGISTRADO;10/07/2013 00:00
55a69724-a3dd-46c7-a98a-d558d14fcbd5;8b6a8fa5-f504-4425-a8c2-282dc5302613;54f08ecc-91a2-4fff-b6a4-c33e51ee0f74;AZUL LINHAS AÉREAS BRASILEIRA;SP;09.296.295/0001-60;Azul Linhas Aére;;;;;R;RESERVADAS AS MARCAS;
1c0854da-71ea-4b13-88bb-d7c1a7a845d3;8b6a8fa5-f504-4425-a8c2-282dc5302613;b04cd5ab-0dd3-4304-ab70-044691903619;AZUL LINHAS AÉREAS BRASILEIRA;SP;09.296.295/0001-60;Azul Linhas Aére;;;;;R;RESERVADAS AS MARCAS;
90d226da-48bc-4938-8850-47892c879d5f;8b6a8fa5-f504-4425-a8c2-282dc5302613;a9fc7d0c-9752-47b8-9d8d-03084e5c9b64;AZUL LINHAS AÉREAS BRASILEIRA;SP;09.296.295/0001-60;Azul Linhas Aéreas Brasileiras S.;;;;;R;RESERVADAS AS MARCAS;
0d6adc5e-41f0-4dd3-a1ca-a2d7708d10a8;8b6a8fa5-f504-4425-a8c2-282dc5302613;8258fe0e-f95b-4403-8ed0-05c72398eb17;AZUL LINHAS AÉREAS BRASILEIRA;SP;09.296.295/0001-60;Azul Linhas Aéreas Brasileiras S.;;;;;R;RESERVADAS AS MARCAS;
ad60913b-3dbe-4576-bfd8-b6d4e96af433;ce426038-3585-408e-ac04-b844922479ef;f13498fc-c3d3-481e-acf6-58a85e5968c5;AZUL CONECTA LTDA;SP;04.263.318/0001-16;AZUL CONECTA LTDA;18828.0;7072026.0;7072026.0;;N;HIPOTECA;01/01/2010 00:00
fa9fdfb7-c883-477a-a780-7b87f4ce05d7;ce426038-3585-408e-ac04-b844922479ef;2b07af62-655f-45ac-a67d-4901ab13fe66;AZUL CONECTA LTDA;SP;04.263.318/0001-16;AZUL CONECTA LTDA;18339.0;22052026.0;22052026.0;;N;HIPOTECA;23/08/2011 00:00
476113f9-73d2-4cca-9bd8-b0c5dff14677;ce426038-3585-408e-ac04-b844922479ef;0b9197f5-7d74-4f27-bea6-08597a977adf;AZUL CONECTA LTDA;SP;04.263.318/0001-16;AZUL CONECTA LTDA;17327.0;14012025.0;14012025.0;;N;NENHUM GRAVAME REGISTRADO;10/07/2013 00:00
e5e42018-0b83-4af4-a2ed-75aa51c5ee6b;ce426038-3585-408e-ac04-b844922479ef;a3cc9e35-9675-4fdc-a4f6-f3474f6dae53;AZUL CONECTA LTDA;SP;04.263.318/0001-16;AZUL CONECTA LTDA;19603.0;4042027.0;4042027.0;;N;NENHUM GRAVAME REGISTRADO;30/12/2010 00:00
145b3730-8cd6-4b19-9db1-087731fce2f4;8b6a8fa5-f504-4425-a8c2-282dc5302613;a150096a-678c-44ad-a28e-b30c07806a8e;AZUL LINHAS AÉREAS BRASILEIRA;SP;09.296.295/0001-60;Azul Linhas Aéreas Brasileira;;;;;R;RESERVADAS AS MARCAS;
b81c945c-f190-4088-ac50-3b00f0dc0e39;8b6a8fa5-f504-4425-a8c2-282dc5302613;7b3787d5-cc8e-4a02-a64f-ef04915ed8ac;AZUL LINHAS AÉREAS BRASILEIRA;SP;09.296.295/0001-60;Azul Linhas Aéreas Brasileiras S.;;;;;R;RESERVADAS AS MARCAS;
e415f28c-9a3b-49ee-a14f-7d9fd4fdf35f;8b6a8fa5-f504-4425-a8c2-282dc5302613;75d22fbf-89b6-409a-a200-52a063f21773;AZUL LINHAS AÉREAS BRASILEIRA;SP;09.296.295/0001-60;Azul Linhas Aéreas Brasileiras S.;;;;;R;RESERVADAS AS MARCAS;
515168a0-9f47-4e49-b56b-0ef7f85e003c;8b6a8fa5-f504-4425-a8c2-282dc5302613;ad437af0-3883-400f-9482-5a0209b577e4;AZUL LINHAS AÉREAS BRASILEIRA;SP;09.296.295/0001-60;Azul Linhas Aéreas Brasileiras S.;;;;;R;RESERVADAS AS MARCAS;
d9769cd8-be71-4183-98d1-cac19d5612c1;8b6a8fa5-f504-4425-a8c2-282dc5302613;f6a8eb6d-32c2-4628-bc7e-7127ef7a154d;AZUL LINHAS AÉREAS BRASILEIRA;SP;09.296.295/0001-60;Azul Linhas Aéreas Brasileiras S.;;;;;R;RESERVADAS AS MARCAS;
7a1f9364-9680-4535-bf5f-356e093e5d11;8b6a8fa5-f504-4425-a8c2-282dc5302613;3b885ac6-9ac2-4f1b-8fae-922ddfc4182a;AZUL LINHAS AÉREAS BRASILEIRA;SP;09.296.295/0001-60;Azul Linhas Aéreas Brasileira;;;;;R;RESERVADAS AS MARCAS;
947732b2-d72c-4a7c-873c-d6d5c8ad4b9b;8b6a8fa5-f504-4425-a8c2-282dc5302613;50281d54-8907-4903-8dd1-388d8bbdf834;AZUL LINHAS AÉREAS BRASILEIRA;SP;09.296.295/0001-60;Azul Linhas Aéreas Brasileira;;;;;R;RESERVADAS AS MARCAS;
2868d872-2530-4824-921c-963e5e8d5d89;8b6a8fa5-f504-4425-a8c2-282dc5302613;e50637c6-39c7-492b-a0d7-62c91a2c5164;AZUL LINHAS AÉREAS BRASILEIRA;SP;09.296.295/0001-60;Azul Linhas Aéreas Brasileira;;;;;R;RESERVADAS AS MARCAS;
98c31bca-f4fa-4793-a5e5-2ef695b8acae;8b6a8fa5-f504-4425-a8c2-282dc5302613;c92d652b-d661-4ac2-b40e-4d6f8bc2cd51;AZUL LINHAS AÉREAS BRASILEIRA;SP;09.296.295/0001-60;Azul Linhas Aéreas Brasileira;;;;;R;RESERVADAS AS MARCAS;
75b5bda3-d0c9-4721-b81e-51384c3f2f69;8b6a8fa5-f504-4425-a8c2-282dc5302613;38eb176c-da6c-4875-836f-6a9142b53ed1;AZUL LINHAS AÉREAS BRASILEIRA;SP;09.296.295/0001-60;Azul Linhas Aéreas Brasileira;;;;;R;RESERVADAS AS MARCAS;
fcbb0488-f025-4f35-9422-9d67101242cd;8b6a8fa5-f504-4425-a8c2-282dc5302613;190591cd-ab87-48db-b7ca-91dd85e07066;AZUL LINHAS AÉREAS BRASILEIRA;SP;09.296.295/0001-60;Azul Linhas Aéreas Brasileira;;;;;R;RESERVADAS AS MARCAS;
71d45b92-ab05-40a3-943a-d096f2ad5b1e;8b6a8fa5-f504-4425-a8c2-282dc5302613;1f97de29-b6a8-448d-bb16-be7e963181d1;AZUL LINHAS AÉREAS BRASILEIR;SP;09.296.295/0001-60;AZUL LINHAS AÉREAS BRASILEIR;;;;;R;RESERVADAS AS MARCAS;
5544b52c-88bf-4c51-918e-62597c1bb3f0;8b6a8fa5-f504-4425-a8c2-282dc5302613;9c04f2c3-ba51-41d3-acdd-48b361a2ed62;AZUL LINHAS AÉREAS BRASILEIRA;SP;09.296.295/0001-60;Azul Linhas Aéreas Brasileira;;;;;R;RESERVADAS AS MARCAS;
06d43e9c-1457-40c1-9807-71c54c8f6b9a;8b6a8fa5-f504-4425-a8c2-282dc5302613;fe3d1ee8-09b0-4c4e-85f2-4fa7e2ba1b22;AZUL LINHAS AÉREAS BRASILEIRA;SP;09.296.295/0001-60;Azul Linhas Aéreas Brasileira;;;;;R;RESERVADAS AS MARCAS;
0ad508ac-7647-4fa7-944b-bd67ec6ca82c;8b6a8fa5-f504-4425-a8c2-282dc5302613;62b1d6b6-e724-472e-b01c-1309544bab28;AZUL LINHAS AÉREAS BRASILEIRA;SP;09.296.295/0001-60;Azul Linhas Aéreas Brasileiras S.;;;;;R;RESERVADAS AS MARCAS;
31ed7d24-b41e-41fa-b01c-815ac73134f4;8b6a8fa5-f504-4425-a8c2-282dc5302613;ad060e64-86ca-4768-af57-6253b94a1c24;AZUL LINHAS AÉREAS BRASILEIRA;SP;09.296.295/0001-60;Azul Linhas Aéreas Brasileiras S.;;;;;R;RESERVADAS AS MARCAS;
2c6d35f2-b747-41da-8ad8-cd908f884d02;08807eb3-6a43-45ae-9ad9-a30095d562de;fafce595-bc87-4aab-88f6-10f88f910394;GOL LINHAS AEREAS SA;SP;07.575.651/0001-59;GOL LINHAS AEREAS S/A;;;;;R;RESERVADAS AS MARCAS;
7d91c84f-587a-4f84-8fba-1837cec65bfb;08807eb3-6a43-45ae-9ad9-a30095d562de;34be4d5f-85ff-4cfc-aa69-c931b4aee87f;GOL LINHAS AEREAS S/A;SP;07.575.651/0001-59;GOL LINHAS AEREAS S/A;;;;;R;RESERVADAS AS MARCAS;
676831bb-0a9a-4645-af96-6616c578dedb;08807eb3-6a43-45ae-9ad9-a30095d562de;613014fc-8641-4bc0-9439-5ede73700d29;GOL LINHAS AEREAS SA;SP;386.XXX.XXX-10;GOL LINHAS AEREAS S/A;;;;;R;RESERVADAS AS MARCAS;
071ad79d-570b-4fa9-a34d-c8808492c04a;ce426038-3585-408e-ac04-b844922479ef;4751defa-2580-4a3b-b9a0-cea4a014d6ff;AZUL CONECTA LTDA;SP;04.263.318/0001-16;AZUL CONECTA LTDA;13811.0;8022027.0;8022027.0;;N;NENHUM GRAVAME REGISTRADO;10/10/2013 00:00
9caaafd8-d51c-4d66-9916-4a96659c296a;ce426038-3585-408e-ac04-b844922479ef;fd44458d-98c2-4afd-99a3-95a34df5c316;AZUL CONECTA LTDA;SP;04.263.318/0001-16;AZUL CONECTA LTDA;13816.0;27052023.0;27052023.0;;S8;NENHUM GRAVAME REGISTRADO;10/10/2013 00:00
06e67a3f-a89b-45a0-b06f-d4d3e1f88e2f;ce426038-3585-408e-ac04-b844922479ef;2c48553f-5148-4a5d-9bb8-fd6b05d021cb;AZUL CONECTA LTDA;SP;04.263.318/0001-16;AZUL CONECTA LTDA;13814.0;17022026.0;17022026.0;;N;NENHUM GRAVAME REGISTRADO;29/06/2011 00:00
dd018e27-6c02-49b6-ab00-2927116927aa;ce426038-3585-408e-ac04-b844922479ef;c4e14f49-1009-411d-bab5-f34f0124265a;AZUL CONECTA LTDA;SP;04.263.318/0001-16;AZUL CONECTA LTDA;13878.0;17042026.0;17042026.0;;N;NENHUM GRAVAME REGISTRADO;29/03/2011 00:00
d0b84b4c-39cc-46b1-969f-7cd52b3374c6;ce426038-3585-408e-ac04-b844922479ef;d9549c22-ddb3-4e28-97b1-5722d21f9e76;AZUL CONECTA LTDA;SP;04.263.318/0001-16;AZUL CONECTA LTDA;14174.0;19062023.0;19062023.0;;S8;NENHUM GRAVAME REGISTRADO;21/07/2011 00:00
f3c3bae3-cbd3-4ce3-8b15-54a06a11b619;ce426038-3585-408e-ac04-b844922479ef;2fae7090-ff92-454c-b751-b494cf4012e1;AZUL CONECTA LTDA;SP;04.263.318/0001-16;AZUL CONECTA LTDA;14232.0;9032026.0;9032026.0;;N;NENHUM GRAVAME REGISTRADO;20/08/2013 00:00
c3cd0cc9-c88c-45a1-927b-cd4c218e4a9b;ce426038-3585-408e-ac04-b844922479ef;be988c96-0793-4227-8bc6-a367b3c55b5e;AZUL CONECTA LTDA;SP;04.263.318/0001-16;AZUL CONECTA LTDA;14639.0;17062026.0;17062026.0;;N;NENHUM GRAVAME REGISTRADO;03/12/2010 00:00
85b3b669-4693-4cdd-92e5-02c592c6b201;ce426038-3585-408e-ac04-b844922479ef;f136a529-cb84-47a2-9f90-5187fdcde313;AZUL CONECTA LTDA;SP;04.263.318/0001-16;AZUL CONECTA LTDA;13337.0;16022027.0;16022027.0;;N;NENHUM GRAVAME REGISTRADO;27/09/2012 00:00
faef01b2-860f-474a-a648-8e16b7cf87af;ce426038-3585-408e-ac04-b844922479ef;9059a502-86c5-46dc-9316-2e935c7053c9;AZUL CONECTA LTDA;SP;04.263.318/0001-16;AZUL CONECTA LTDA;15415.0;18022025.0;18022025.0;;N;NENHUM GRAVAME REGISTRADO;03/12/2010 00:00
