id_aeronave;marca;ds_modelo;nr_serie;cd_categoria;cd_tipo;nm_fabricante;cd_cls;nr_pmd;cd_tipo_icao;nr_assentos_executivo;nr_assentos_economico;nr_assentos_max;nr_ano_fabricacao;tp_motor;qt_motor;tp_pouso
1af4b9a5-10c7-4989-93bb-66e9cb07439b;PPITY;208B;208B0560;TPR;MNTE;CESSNA AIRCRAFT;L1T;4110.0;C208;;14;14;1996.0;MOTOR TURBOHELICE ;1.0;POUSO CONVENCIONAL
54f08ecc-91a2-4fff-b6a4-c33e51ee0f74;PRAIP;A330-243;1208;TPR;;AIRBUS S.A.S.;;230000.0;;20;251;271;;;;
b04cd5ab-0dd3-4304-ab70-044691903619;PRAIQ;A330-243;1279;TPR;;AIRBUS S.A.S.;;230000.0;;20;251;271;;;;
a9fc7d0c-9752-47b8-9d8d-03084e5c9b64;PRANE;A330-941;1844;TPR;;AIRBUS S.A.S.;;242000.0;;34;264;298;;;;
8258fe0e-f95b-4403-8ed0-05c72398eb17;PRANF;A330-941;1861;TPR;;AIRBUS S.A.S.;;242000.0;;34;264;298;;;;
f13498fc-c3d3-481e-acf6-58a85e5968c5;PRBAT;208B;208B-2169;TPR;MNTE;CESSNA AIRCRAFT;L1T;4110.0;C208;;14;14;2010.0;MOTOR TURBOHELICE ;1.0;POUSO CONVENCIONAL
2b07af62-655f-45ac-a67d-4901ab13fe66;PRIHP;208B;208B-2110;TPR;MNTE;CESSNA AIRCRAFT;L1T;4110.0;C208;;14;14;2009.0;MOTOR TURBOHELICE ;1.0;POUSO CONVENCIONAL
0b9197f5-7d74-4f27-bea6-08597a977adf;PRMAU;208B;208B-0621;TPR;MNTE;CESSNA AIRCRAFT;L1T;4110.0;C208;;14;14;1997.0;MOTOR TURBOHELICE ;1.0;POUSO CONVENCIONAL
a3cc9e35-9675-4fdc-a4f6-f3474f6dae53;PRWOT;208B;208B-2240;TPR;MNTE;CESSNA AIRCRAFT;L1T;4110.0;C208;;14;14;2010.0;MOTOR TURBOHELICE ;1.0;POUSO CONVENCIONAL
a150096a-678c-44ad-a28e-b30c07806a8e;PRYXE;ATR-72-212A;1706;TPR;;ATR - GIE AVIONS DE TRANSPORT RÉGION;;22000.0;;null ;70;70;;;;
7b3787d5-cc8e-4a02-a64f-ef04915ed8ac;PRYXF;ATR-72-212A (600);1710;TPR;;ATR - GIE AVIONS DE TRANSPORT RÉGION;;22000.0;;null ;70;70;;;;
75d22fbf-89b6-409a-a200-52a063f21773;PRYXG;ATR-72-212A;1719;TPR;;ATR - GIE AVIONS DE TRANSPORT RÉGION;;22000.0;;null ;70;70;;;;
ad437af0-3883-400f-9482-5a0209b577e4;PRYXH;ATR-72-212A;1723;TPR;;ATR - GIE AVIONS DE TRANSPORT RÉGION;;22000.0;;null ;70;70;;;;
f6a8eb6d-32c2-4628-bc7e-7127ef7a154d;PRYXI;ATR-72-212A;1725;TPR;;ATR - GIE AVIONS DE TRANSPORT RÉGION;;22000.0;;null ;70;70;;;;
3b885ac6-9ac2-4f1b-8fae-922ddfc4182a;PSADA;ERJ 190-400;19020160;TPR;;EMBRAER;;61500.0;;28;108;136;;;;
50281d54-8907-4903-8dd1-388d8bbdf834;PSADB;ERJ 190-400;19020166;TPR;;EMBRAER;;61500.0;;28;108;136;;;;
e50637c6-39c7-492b-a0d7-62c91a2c5164;PSADC;ERJ 190-400;19020162;TPR;;EMBRAER;;61500.0;;28;108;136;;;;
c92d652b-d661-4ac2-b40e-4d6f8bc2cd51;PSADD;ERJ 190-400;19020164;TPR;;EMBRAER;;61500.0;;28;108;136;;;;
38eb176c-da6c-4875-836f-6a9142b53ed1;PSADE;ERJ 190-400;19020168;TPR;;EMBRAER;;61500.0;;28;108;136;;;;
190591cd-ab87-48db-b7ca-91dd85e07066;PSADF;ERJ 190-400;19020169;TPR;;EMBRAER;;61500.0;;28;108;136;;;;
1f97de29-b6a8-448d-bb16-be7e963181d1;PSAET;ERJ 190-400;19020073;TPR;;EMBRAER;;61500.0;;28;108;136;2024.0;;;
9c04f2c3-ba51-41d3-acdd-48b361a2ed62;PSAEY;ERJ 190-400;19020148;TPR;;EMBRAER;;61500.0;;28;108;136;2024.0;;;
fe3d1ee8-09b0-4c4e-85f2-4fa7e2ba1b22;PSAEZ;ERJ 190-400;19020157;TPR;;EMBRAER;;61500.0;;28;108;136;;;;
62b1d6b6-e724-472e-b01c-1309544bab28;PSAJA;A321-231;2741;TPR;;AIRBUS S.A.S.;;89000.0;A321;null ;214;214;2006.0;;;
ad060e64-86ca-4768-af57-6253b94a1c24;PSAJB;A321-231;2759;TPR;;AIRBUS S.A.S.;;89000.0;A321;null ;214;214;;;;
fafce595-bc87-4aab-88f6-10f88f910394;PSGFG;737-8Q8;30696;TPR;;BOEING COMPANY;;79066.0;;null ;186;186;;;;
34be4d5f-85ff-4cfc-aa69-c931b4aee87f;PSGOL;737-8 MAX;44025;TPR;;BOEING COMPANY;;82191.0;;null ;186;186;;;;
613014fc-8641-4bc0-9439-5ede73700d29;PSGRD;737-8 MAX;44.025;TPR;;BOEING COMPANY;;;;null ;186;186;;;;
4751defa-2580-4a3b-b9a0-cea4a014d6ff;PTMEA;208B;208B0333;TPR;MNTE;CESSNA AIRCRAFT;L1T;4110.0;C208;null ;14;14;1993.0;MOTOR TURBOHELICE ;1.0;POUSO CONVENCIONAL
fd44458d-98c2-4afd-99a3-95a34df5c316;PTMEB;208B;208B0335;TPR;MNTE;CESSNA AIRCRAFT;L1T;4110.0;C208;null ;14;14;1993.0;MOTOR TURBOHELICE ;1.0;POUSO CONVENCIONAL
2c48553f-5148-4a5d-9bb8-fd6b05d021cb;PTMED;208B;208B0343;TPR;MNTE;CESSNA AIRCRAFT;L1T;4110.0;C208;null ;14;14;1993.0;MOTOR TURBOHELICE ;1.0;POUSO CONVENCIONAL
c4e14f49-1009-411d-bab5-f34f0124265a;PTMEJ;208B;208B0359;TPR;MNTE;CESSNA AIRCRAFT;L1T;4110.0;C208;null ;14;14;1993.0;MOTOR TURBOHELICE ;1.0;POUSO CONVENCIONAL
d9549c22-ddb3-4e28-97b1-5722d21f9e76;PTMEM;208B;208B0405;TPR;MNTE;CESSNA AIRCRAFT;L1T;4110.0;C208;null ;14;14;1994.0;MOTOR TURBOHELICE ;1.0;POUSO CONVENCIONAL
2fae7090-ff92-454c-b751-b494cf4012e1;PTMEO;208B;208B0412;TPR;MNTE;CESSNA AIRCRAFT;L1T;4110.0;C208;null ;14;14;1994.0;MOTOR TURBOHELICE ;1.0;POUSO CONVENCIONAL
be988c96-0793-4227-8bc6-a367b3c55b5e;PTMEY;208B;208B0518;TPR;MNTE;CESSNA AIRCRAFT;L1T;4110.0;C208;null ;14;14;1996.0;MOTOR TURBOHELICE ;1.0;POUSO CONVENCIONAL
f136a529-cb84-47a2-9f90-5187fdcde313;PTOGP;208;20800050;TPR;MNTE;CESSNA AIRCRAFT;L1T;3793.0;C208;null ;14;14;1985.0;MOTOR TURBOHELICE ;1.0;POUSO CONVENCIONAL
9059a502-86c5-46dc-9316-2e935c7053c9;PTWZN;208B;208B0698;TPR;MNTE;CESSNA AIRCRAFT;L1T;4110.0;C208;null ;14;14;1998.0;MOTOR TURBOHELICE ;1.0;POUSO CONVENCIONAL
