id_conexao;id_aeroporto_origem;id_aeroporto_destino
cd7ff42b-f67e-4e81-abe3-22a426f85693;bb3285fc-6242-47c3-ab19-a13b1f6f3ac3;fc62ab13-8dd0-414f-b370-a8574083c356
7ae3649b-5da9-44b3-9c16-92b522a9a1a4;fc62ab13-8dd0-414f-b370-a8574083c356;bb3285fc-6242-47c3-ab19-a13b1f6f3ac3
a0e10c0d-95ff-41be-ade1-0b9ce266e162;dc285227-60b8-4518-9364-80e0ed9af9cf;40ad6792-05fe-429d-87d8-c1c3729b9e06
70c6b874-38be-4847-a7ea-5066417abeae;40ad6792-05fe-429d-87d8-c1c3729b9e06;dc285227-60b8-4518-9364-80e0ed9af9cf
519f82f1-23db-4a28-a8ef-570250642e62;c00460f8-dc2c-422a-8c22-082e9760280b;d96f5f12-d57f-4854-a8a1-5db7854114d1
e138abea-fd06-41f2-b1f1-38530ee626e8;d96f5f12-d57f-4854-a8a1-5db7854114d1;c00460f8-dc2c-422a-8c22-082e9760280b
1ba2d14d-28bb-4508-aef7-045bdf021126;5d4c0a13-79f2-4170-9aef-7d7d87d5766c;32580782-9ba8-4e92-90c6-7b99fb53bdb0
a37dde07-b3d8-4a3f-95af-ecdb866e4e36;1d5b2b24-c211-4181-92c5-166cc152b5bd;5d4c0a13-79f2-4170-9aef-7d7d87d5766c
5c1b6f1c-93b1-4997-8fc0-6cd6a4064cbe;778353a8-1040-4183-9be5-01e609acd234;2bff687b-21aa-4234-80a1-85d9a63013fc
57c7c72c-2089-4f45-b60f-fd83034c8ad0;32580782-9ba8-4e92-90c6-7b99fb53bdb0;778353a8-1040-4183-9be5-01e609acd234
c6d7938d-4b87-4912-8eb8-bfb3880a5817;778353a8-1040-4183-9be5-01e609acd234;32580782-9ba8-4e92-90c6-7b99fb53bdb0
7d8aa764-db4b-4827-b1fe-907984b7e448;2bff687b-21aa-4234-80a1-85d9a63013fc;778353a8-1040-4183-9be5-01e609acd234
e14e292f-75e0-45df-875f-81d5fe6f2223;32580782-9ba8-4e92-90c6-7b99fb53bdb0;5d4c0a13-79f2-4170-9aef-7d7d87d5766c
bc180c74-3294-45f6-af75-04d7c99f48e6;5d4c0a13-79f2-4170-9aef-7d7d87d5766c;1d5b2b24-c211-4181-92c5-166cc152b5bd
5994f9fb-d06d-4941-8019-8e0eedd21e48;bb3285fc-6242-47c3-ab19-a13b1f6f3ac3;40ad6792-05fe-429d-87d8-c1c3729b9e06
5cfe5cd9-cf98-4dbb-bc39-8d4148f45c7b;40ad6792-05fe-429d-87d8-c1c3729b9e06;bb3285fc-6242-47c3-ab19-a13b1f6f3ac3
85d479d5-ab96-4368-9cde-b74f517e35b1;4d577cf5-6522-4d5b-b0a6-5fb51f52f7ed;301f4357-31a0-4ab5-9765-7a7615eb00d1
d22187f5-eada-43ce-bff1-e5247cc547e0;301f4357-31a0-4ab5-9765-7a7615eb00d1;4d577cf5-6522-4d5b-b0a6-5fb51f52f7ed
2572c92f-c6e1-4de0-8e08-d3061430dd0f;4d577cf5-6522-4d5b-b0a6-5fb51f52f7ed;40ad6792-05fe-429d-87d8-c1c3729b9e06
1d842ff3-b55f-40a5-88f5-5fc211eb8edb;40ad6792-05fe-429d-87d8-c1c3729b9e06;4d577cf5-6522-4d5b-b0a6-5fb51f52f7ed
7c97f58b-1258-4d9d-8587-a56027853363;4d577cf5-6522-4d5b-b0a6-5fb51f52f7ed;1ea3bae7-d3a4-4acc-be27-b5c739da6e2a
ed7c4945-cd1c-4431-9641-36b3d693154f;1ea3bae7-d3a4-4acc-be27-b5c739da6e2a;4d577cf5-6522-4d5b-b0a6-5fb51f52f7ed
7b9a9eb8-9e53-4cf4-82dc-9e125e9b487e;4d577cf5-6522-4d5b-b0a6-5fb51f52f7ed;df14291b-3478-4bf2-9e11-86a6b99f7e06
936ff3b3-4457-4f13-b818-4770df585e78;df14291b-3478-4bf2-9e11-86a6b99f7e06;4d577cf5-6522-4d5b-b0a6-5fb51f52f7ed
2a97bf5a-5d8b-4cac-b475-729501fedf5d;4d577cf5-6522-4d5b-b0a6-5fb51f52f7ed;6d7eec05-2314-4695-9c1a-0b8d3765d02a
084aea2e-2fcd-4745-9960-273cec26defe;6d7eec05-2314-4695-9c1a-0b8d3765d02a;4d577cf5-6522-4d5b-b0a6-5fb51f52f7ed
26c36c76-abac-4838-9bdd-992e9c46fa5c;6360faab-6955-4865-b101-740f7b9ba074;100b5d18-8b07-4bf0-81c2-5cc7471cc53e
1c3ac4cd-c612-4a70-8fa9-10c03280c141;100b5d18-8b07-4bf0-81c2-5cc7471cc53e;6360faab-6955-4865-b101-740f7b9ba074
c74663c3-5c8c-48cf-ab08-a3c332a95c70;6360faab-6955-4865-b101-740f7b9ba074;545707c0-bccc-4a37-8b07-4647298181e5
12710629-1219-4c6e-a67d-adb00a7dbf9d;545707c0-bccc-4a37-8b07-4647298181e5;6360faab-6955-4865-b101-740f7b9ba074
559f9943-63c7-4ab1-9753-600ad82593b0;6360faab-6955-4865-b101-740f7b9ba074;42d40b94-3f81-4815-8d47-602f0bf6fa5c
8f5f1f0c-efc1-4897-9eb9-c001c94e4673;ff0c966c-ce39-4169-ae10-3f6bf8e40a37;afee5425-f43f-463e-b328-7f79968ad9a8
dbed34e0-82d9-4e7d-a8ae-8e3455a5380e;afee5425-f43f-463e-b328-7f79968ad9a8;ff0c966c-ce39-4169-ae10-3f6bf8e40a37
a02b42ad-fbf6-462e-af65-90701830e5d5;8cfcd078-b7f5-43a1-83e1-763e6f008d99;ff0c966c-ce39-4169-ae10-3f6bf8e40a37
0a8fffc7-a577-4d06-b1e2-43d703c8e18f;ff0c966c-ce39-4169-ae10-3f6bf8e40a37;8cfcd078-b7f5-43a1-83e1-763e6f008d99
e990d6d1-7d09-4062-a642-3ebc7ad11cea;42d40b94-3f81-4815-8d47-602f0bf6fa5c;6360faab-6955-4865-b101-740f7b9ba074
a58313ce-56de-49e9-b4d9-e00598a96b9c;ff0c966c-ce39-4169-ae10-3f6bf8e40a37;0c5dcacd-ab46-4b13-987f-8c968fb3cf13
1446ec31-8912-4e25-b931-16edd4abd4cf;0c5dcacd-ab46-4b13-987f-8c968fb3cf13;ff0c966c-ce39-4169-ae10-3f6bf8e40a37
72723a47-9662-4ac8-9f4f-0bd1672a3943;581c0d3e-388a-4765-8d07-9931fef9719f;581c0d3e-388a-4765-8d07-9931fef9719f
6d71acbc-631a-4259-9392-b301fc467265;581c0d3e-388a-4765-8d07-9931fef9719f;2124adc1-8bb7-474c-bea9-9f73cf279a9c
bd99c9bb-ef0d-4eb2-9495-5791f9e9f32a;71b98b27-4ef9-405d-8d8e-1f1ee5b57355;43ed7e73-5840-4ff4-8542-6adf0da328a1
8b79d2d0-621b-4f12-9f5d-1f48918782ac;ff0c966c-ce39-4169-ae10-3f6bf8e40a37;71b98b27-4ef9-405d-8d8e-1f1ee5b57355
2cbd3524-c861-4ac2-8b43-fe8899811ec2;71b98b27-4ef9-405d-8d8e-1f1ee5b57355;ff0c966c-ce39-4169-ae10-3f6bf8e40a37
77f2c5c8-ead4-454b-9c5e-a1df3a1b3cb8;43ed7e73-5840-4ff4-8542-6adf0da328a1;71b98b27-4ef9-405d-8d8e-1f1ee5b57355
6c71f997-4bc3-4fc4-95ab-244ae6f4d3f2;dc285227-60b8-4518-9364-80e0ed9af9cf;c446cdfd-19d2-446e-8cf8-9db5fbdb2220
f9c8778b-b0e6-4af5-93b1-4263387f913f;4d577cf5-6522-4d5b-b0a6-5fb51f52f7ed;48d07187-a77a-4f0c-888c-897f4e3b0bd3
f03ba0df-6b7e-4f77-a861-47834d31491c;48d07187-a77a-4f0c-888c-897f4e3b0bd3;4d577cf5-6522-4d5b-b0a6-5fb51f52f7ed
31c8a4b4-fb31-481d-bfa7-69b041627a95;bb3285fc-6242-47c3-ab19-a13b1f6f3ac3;c446cdfd-19d2-446e-8cf8-9db5fbdb2220
81b89880-36da-4c83-af64-14617a0a3164;4d577cf5-6522-4d5b-b0a6-5fb51f52f7ed;c446cdfd-19d2-446e-8cf8-9db5fbdb2220
73c8a762-eacd-4a07-b325-082314b3a54c;6360faab-6955-4865-b101-740f7b9ba074;9751b002-616d-43c9-a5f6-2429c40bad27
da41848f-97c3-41fc-bfcb-ffb483f1f0b2;9751b002-616d-43c9-a5f6-2429c40bad27;6360faab-6955-4865-b101-740f7b9ba074
8d69ab91-743b-42d0-aeb1-99bca3cedcde;c00460f8-dc2c-422a-8c22-082e9760280b;7f955a8e-7660-4842-aada-ba37931b66ef
97fd9790-50a7-4e1b-8f62-1e52d51f2604;7f955a8e-7660-4842-aada-ba37931b66ef;c00460f8-dc2c-422a-8c22-082e9760280b
2bc7032f-2253-46b7-94af-be32a51aa2de;5231ac82-9fec-406f-a61f-56cab16e478b;100b5d18-8b07-4bf0-81c2-5cc7471cc53e
97928348-d243-4382-81b1-6babf3b65dba;6360faab-6955-4865-b101-740f7b9ba074;5231ac82-9fec-406f-a61f-56cab16e478b
a71aa5be-0c42-43fb-9f20-de8322856550;3cfc251b-7374-4f5d-880d-d9e34f9bfcc0;b8057476-9bb3-4439-ba02-a8383a66fc4e
04be7023-74ab-488a-a930-d73ed9ece7cd;b8057476-9bb3-4439-ba02-a8383a66fc4e;3cfc251b-7374-4f5d-880d-d9e34f9bfcc0
d571161c-fa57-488f-9e0e-f5267c224783;16359561-c573-439a-a573-61fba67b2f5a;3cfc251b-7374-4f5d-880d-d9e34f9bfcc0
22f81efa-77b8-459b-acc3-b358636850e1;3cfc251b-7374-4f5d-880d-d9e34f9bfcc0;16359561-c573-439a-a573-61fba67b2f5a
67f13afb-cc1d-4579-be76-93e68b131c70;c446cdfd-19d2-446e-8cf8-9db5fbdb2220;dc285227-60b8-4518-9364-80e0ed9af9cf
ab2db6ca-32b7-4137-9788-44d3c94b5ce6;c446cdfd-19d2-446e-8cf8-9db5fbdb2220;bb3285fc-6242-47c3-ab19-a13b1f6f3ac3
cf35b231-126a-439d-b38e-852060f31824;c446cdfd-19d2-446e-8cf8-9db5fbdb2220;4d577cf5-6522-4d5b-b0a6-5fb51f52f7ed
9ee57f8a-731d-42b8-bd08-a2ffc6e186e5;c00460f8-dc2c-422a-8c22-082e9760280b;c00460f8-dc2c-422a-8c22-082e9760280b
2232fe6e-cdf4-47d9-a61d-2405c45114f7;1d5b2b24-c211-4181-92c5-166cc152b5bd;ecab694f-7b53-4a50-b51c-2542ae2a7d8c
c4645a0f-1cfb-474f-a811-04354b1f6a5e;d9eea9cc-4a00-46c4-9173-17cfeba70d2e;1d5b2b24-c211-4181-92c5-166cc152b5bd
c7223484-b51d-4e61-afe2-02d4bfdae4e1;ecab694f-7b53-4a50-b51c-2542ae2a7d8c;d9eea9cc-4a00-46c4-9173-17cfeba70d2e
d28402a7-9235-4e81-a401-5cb444067d35;0cca562e-59fc-4364-9743-49ccce2929d6;1d5b2b24-c211-4181-92c5-166cc152b5bd
bf0455d3-3862-4772-92e9-d036c3ce7c02;a5c6fa07-0504-45db-bbc3-4c6b8e8c02f1;0cca562e-59fc-4364-9743-49ccce2929d6
58b7c114-ef48-4131-8259-0d5388447f1c;1d5b2b24-c211-4181-92c5-166cc152b5bd;a5c6fa07-0504-45db-bbc3-4c6b8e8c02f1
676d40e0-107a-43cc-a217-124f41456476;4d577cf5-6522-4d5b-b0a6-5fb51f52f7ed;ce8ba0d4-f206-4f13-a4e1-ecc94b4f6685
2c25aeea-cb52-4c59-8dfe-559188c0ce19;ce8ba0d4-f206-4f13-a4e1-ecc94b4f6685;4d577cf5-6522-4d5b-b0a6-5fb51f52f7ed
59865a8a-9167-426b-89cf-e3fbe852ba0d;1f5075d3-09aa-45a0-8a9d-13e142f17b18;44f51458-2a7e-440d-ab8c-aa02e0c3b958
669f4202-0c9c-4b33-914a-ddc1f601a0d6;6360faab-6955-4865-b101-740f7b9ba074;1f5075d3-09aa-45a0-8a9d-13e142f17b18
2eebad1a-3419-4416-a2a7-05120c4b9a33;44f51458-2a7e-440d-ab8c-aa02e0c3b958;1f5075d3-09aa-45a0-8a9d-13e142f17b18
50d6f62f-17d1-43e5-bab6-a010512b8b46;1f5075d3-09aa-45a0-8a9d-13e142f17b18;6360faab-6955-4865-b101-740f7b9ba074
4247ab77-7e69-4905-b212-e6852b1fae2b;0ac0f0a1-84e3-411a-8517-bc7de79af20b;ff0c966c-ce39-4169-ae10-3f6bf8e40a37
b4070026-72e3-4e0b-b33e-f6272d0bb409;ff0c966c-ce39-4169-ae10-3f6bf8e40a37;0ac0f0a1-84e3-411a-8517-bc7de79af20b
a3041cf9-1755-4bbf-883b-95a10f138196;ff0c966c-ce39-4169-ae10-3f6bf8e40a37;b5051674-ceb2-4dd9-ad55-33d700f91146
b73c138c-2b68-44fe-8cbd-65d09d3588e6;b5051674-ceb2-4dd9-ad55-33d700f91146;ff0c966c-ce39-4169-ae10-3f6bf8e40a37
2ed6b94a-636f-4b12-9150-22671f5cf999;3cfc251b-7374-4f5d-880d-d9e34f9bfcc0;db28baf5-8e87-46f3-a261-5ac1aba6e1f6
02d3492b-ac0f-4c74-9162-ebd3be66532a;db28baf5-8e87-46f3-a261-5ac1aba6e1f6;3cfc251b-7374-4f5d-880d-d9e34f9bfcc0
bbaf1e59-6cc7-492a-97ae-c86de3ac111f;3cfc251b-7374-4f5d-880d-d9e34f9bfcc0;0b74d2d9-7271-40d7-9792-94cf1617a560
ef35ef6b-ea00-432a-9d16-1291fadd7c05;0b74d2d9-7271-40d7-9792-94cf1617a560;3cfc251b-7374-4f5d-880d-d9e34f9bfcc0
a555c4f7-14fe-490b-8041-d0f4f663f5b0;022ddd60-dd56-4fda-9bae-5ede1cb6b6cd;ff0c966c-ce39-4169-ae10-3f6bf8e40a37
655dc263-79a8-453a-9b20-b6e1845f6073;ff0c966c-ce39-4169-ae10-3f6bf8e40a37;022ddd60-dd56-4fda-9bae-5ede1cb6b6cd
9f6f1eed-2b38-40dd-8ce6-d150adfe3f6d;5d4c0a13-79f2-4170-9aef-7d7d87d5766c;778353a8-1040-4183-9be5-01e609acd234
adf04f44-ae47-494f-9aae-f98c82ca0180;581c0d3e-388a-4765-8d07-9931fef9719f;3cfc251b-7374-4f5d-880d-d9e34f9bfcc0
8f657782-878b-4d24-8e90-69c23ad5e728;3cfc251b-7374-4f5d-880d-d9e34f9bfcc0;581c0d3e-388a-4765-8d07-9931fef9719f
116ce0df-275e-4b23-9e92-bed432f9ea3a;3cfc251b-7374-4f5d-880d-d9e34f9bfcc0;3cfc251b-7374-4f5d-880d-d9e34f9bfcc0
651073eb-e00b-4d3c-937c-494df8107e8e;c446cdfd-19d2-446e-8cf8-9db5fbdb2220;581c0d3e-388a-4765-8d07-9931fef9719f
12147c78-ff5d-4a67-b25b-c50c298b7857;de659062-e56c-4c49-aa0d-3c72fa07acce;c446cdfd-19d2-446e-8cf8-9db5fbdb2220
eeffefa0-a624-4311-a87c-2417bb7a8cc1;c00460f8-dc2c-422a-8c22-082e9760280b;581c0d3e-388a-4765-8d07-9931fef9719f
a24c96c6-f976-457e-95d0-e0b68f50822e;581c0d3e-388a-4765-8d07-9931fef9719f;bb3285fc-6242-47c3-ab19-a13b1f6f3ac3
928e9a7a-9336-41f8-9bc4-596031358585;4e091d38-3864-46ca-85bd-a870dad783e1;c00460f8-dc2c-422a-8c22-082e9760280b
c35ed621-45d9-4050-8c9e-c0ddeba7e326;d96f5f12-d57f-4854-a8a1-5db7854114d1;4e091d38-3864-46ca-85bd-a870dad783e1
ea860751-431f-4371-8101-f89dc3cb604e;3cfc251b-7374-4f5d-880d-d9e34f9bfcc0;f683cdce-4c29-4044-a603-d1bd8f29d032
ca7531b2-b26c-4375-93de-8a3694f146da;2bff687b-21aa-4234-80a1-85d9a63013fc;1d5b2b24-c211-4181-92c5-166cc152b5bd
245ccf2b-27bd-444f-8f08-6d421d8871a7;581c0d3e-388a-4765-8d07-9931fef9719f;dc285227-60b8-4518-9364-80e0ed9af9cf
2e9b5f69-9bf0-48cd-ba22-1d7d6519fb8b;c108d753-acdc-4929-8424-08aa00c45fd3;daa38fc1-6e96-4ac6-9e7f-60652d614746
99678fba-1553-4878-92f8-aa9ea2ed86b2;2bff687b-21aa-4234-80a1-85d9a63013fc;32580782-9ba8-4e92-90c6-7b99fb53bdb0
e9f124b2-1791-4582-8305-be347e53cc83;bb3285fc-6242-47c3-ab19-a13b1f6f3ac3;4d577cf5-6522-4d5b-b0a6-5fb51f52f7ed
6fbab584-24b6-465c-ba28-1a2d0a2d9add;c00460f8-dc2c-422a-8c22-082e9760280b;f683cdce-4c29-4044-a603-d1bd8f29d032
c7a6ed86-c76d-4dfc-ae26-3d4dfeee0261;f683cdce-4c29-4044-a603-d1bd8f29d032;3cfc251b-7374-4f5d-880d-d9e34f9bfcc0
c2a95c18-c9a8-4921-8afd-01988b30c8bb;44fb139a-3338-4d49-a6ba-6d6a3c440d4b;c00460f8-dc2c-422a-8c22-082e9760280b
ba91e468-0a75-4185-9763-993df39f3063;dc285227-60b8-4518-9364-80e0ed9af9cf;581c0d3e-388a-4765-8d07-9931fef9719f
cc48fd2a-b129-4082-96f1-e57d339651a5;4d577cf5-6522-4d5b-b0a6-5fb51f52f7ed;4d577cf5-6522-4d5b-b0a6-5fb51f52f7ed
89e8563f-27e9-4f1a-81f9-c00862f41d25;bb3285fc-6242-47c3-ab19-a13b1f6f3ac3;581c0d3e-388a-4765-8d07-9931fef9719f
232a4f04-6fc1-4b04-ad06-ff1c9b6fba1f;4d577cf5-6522-4d5b-b0a6-5fb51f52f7ed;581c0d3e-388a-4765-8d07-9931fef9719f
f01afe59-9ef1-4851-9f57-f6545e78887a;1d5b2b24-c211-4181-92c5-166cc152b5bd;d9eea9cc-4a00-46c4-9173-17cfeba70d2e
da229d39-6dc2-4f86-89a8-bd59e3589ccb;581c0d3e-388a-4765-8d07-9931fef9719f;40ad6792-05fe-429d-87d8-c1c3729b9e06
02b807e2-b99c-41ee-a347-3a4e8e10e684;6360faab-6955-4865-b101-740f7b9ba074;6360faab-6955-4865-b101-740f7b9ba074
b2b59ce5-065a-4b8a-8d19-bd48ef28af70;4d577cf5-6522-4d5b-b0a6-5fb51f52f7ed;b984e746-18a2-4ffb-b4d9-78235a39b79f
3e170b1e-c27f-489d-beab-0628934c2759;b984e746-18a2-4ffb-b4d9-78235a39b79f;4d577cf5-6522-4d5b-b0a6-5fb51f52f7ed
868a4a30-1033-4683-b55d-71767f7b07cf;6360faab-6955-4865-b101-740f7b9ba074;f5bc7590-e014-4f75-ba88-05a00dde2ad3
27d7006a-5679-42fa-9d3e-327ad89fca1e;f5bc7590-e014-4f75-ba88-05a00dde2ad3;ff0c966c-ce39-4169-ae10-3f6bf8e40a37
af42b9b0-2476-44e9-86f6-39295f5801e4;ff0c966c-ce39-4169-ae10-3f6bf8e40a37;f5bc7590-e014-4f75-ba88-05a00dde2ad3
a15cbbf3-a06a-4632-9a0e-73b848ba02c7;f5bc7590-e014-4f75-ba88-05a00dde2ad3;6360faab-6955-4865-b101-740f7b9ba074
7cd8c404-37b5-4772-bf61-46cac0be7513;44f51458-2a7e-440d-ab8c-aa02e0c3b958;6360faab-6955-4865-b101-740f7b9ba074
7937b137-142b-4600-bc9d-2859ea12ac98;4d577cf5-6522-4d5b-b0a6-5fb51f52f7ed;7f955a8e-7660-4842-aada-ba37931b66ef
7290098e-3336-4aaf-9613-f91cd0fb127b;7f955a8e-7660-4842-aada-ba37931b66ef;4d577cf5-6522-4d5b-b0a6-5fb51f52f7ed
7e7dd8a3-e6d8-4729-9d0d-4e28dcc71a56;40ad6792-05fe-429d-87d8-c1c3729b9e06;40ad6792-05fe-429d-87d8-c1c3729b9e06
ebc1b08c-cf98-487e-ab5f-44e357d6c4eb;6360faab-6955-4865-b101-740f7b9ba074;036ebe18-6b7e-4078-bccb-387331335a0b
c0b20d50-20d9-4bd7-bc8f-9fa0ee6d96e5;dc285227-60b8-4518-9364-80e0ed9af9cf;4d577cf5-6522-4d5b-b0a6-5fb51f52f7ed
1acca999-9b0b-483a-a40d-dafff4f5918b;036ebe18-6b7e-4078-bccb-387331335a0b;6360faab-6955-4865-b101-740f7b9ba074
e7983f01-bd37-4e4a-95d4-319e0b3d9368;dc285227-60b8-4518-9364-80e0ed9af9cf;dc285227-60b8-4518-9364-80e0ed9af9cf
4130b370-0401-4d2f-a339-6967e6bb3c2d;1d5b2b24-c211-4181-92c5-166cc152b5bd;0cca562e-59fc-4364-9743-49ccce2929d6
6ac5bfdc-7844-44ce-9101-b64fa87390b0;581c0d3e-388a-4765-8d07-9931fef9719f;4d577cf5-6522-4d5b-b0a6-5fb51f52f7ed
d25a99fd-d994-4f04-b742-bab6ada33892;40ad6792-05fe-429d-87d8-c1c3729b9e06;c446cdfd-19d2-446e-8cf8-9db5fbdb2220
f6aa2a84-fe4a-47e2-b897-00af4dd90289;c446cdfd-19d2-446e-8cf8-9db5fbdb2220;de659062-e56c-4c49-aa0d-3c72fa07acce
e8c62c1f-5213-47aa-86be-296f639e9a0c;40ad6792-05fe-429d-87d8-c1c3729b9e06;929ca98c-3681-4106-bb00-cb8b3e12ecab
49df916d-e2c1-48be-b4ab-77390284780c;1d5b2b24-c211-4181-92c5-166cc152b5bd;32580782-9ba8-4e92-90c6-7b99fb53bdb0
ae01df02-bbcc-48c3-aa1f-265e76952151;929ca98c-3681-4106-bb00-cb8b3e12ecab;581c0d3e-388a-4765-8d07-9931fef9719f
f5a68573-7436-4d99-8e76-f2e02504cf56;bb3285fc-6242-47c3-ab19-a13b1f6f3ac3;6360faab-6955-4865-b101-740f7b9ba074
e2dc2b42-0e8b-40fe-b54c-036a4539fdac;6360faab-6955-4865-b101-740f7b9ba074;bb3285fc-6242-47c3-ab19-a13b1f6f3ac3
38542a24-cf29-406a-b8dd-fd3c4c9887da;4d577cf5-6522-4d5b-b0a6-5fb51f52f7ed;f0abdc47-bab8-4c04-9a45-0b9cca7a3ee7
2eb59d13-8a10-4814-845b-6d7e87e18085;f0abdc47-bab8-4c04-9a45-0b9cca7a3ee7;4d577cf5-6522-4d5b-b0a6-5fb51f52f7ed
a61e3512-9e11-4154-962a-7b74500d9e63;bb3285fc-6242-47c3-ab19-a13b1f6f3ac3;6ee17701-be53-483d-a83c-0daa558c52f3
954ec40d-9f56-4dac-9a14-04a64194bcc4;6ee17701-be53-483d-a83c-0daa558c52f3;bb3285fc-6242-47c3-ab19-a13b1f6f3ac3
21fc8b88-52cc-4ede-a719-64897031965b;3f136bff-dece-4e86-9dc1-4f5c6395ef65;bb3285fc-6242-47c3-ab19-a13b1f6f3ac3
dc6875d0-6a15-4946-9a50-f010ed38bacb;1d5b2b24-c211-4181-92c5-166cc152b5bd;dc285227-60b8-4518-9364-80e0ed9af9cf
a5dad621-247c-49ad-ad21-27cde00b3e49;3f136bff-dece-4e86-9dc1-4f5c6395ef65;02c8e1f4-a926-4bd2-9bb1-5374dbebf808
5d200d64-e55d-4c14-ace9-b71c5820936f;02c8e1f4-a926-4bd2-9bb1-5374dbebf808;3f136bff-dece-4e86-9dc1-4f5c6395ef65
15a03ef4-ea4d-4ffd-9b19-44a00d2d6736;89f93642-083d-4153-9345-6680db22eb27;bb3285fc-6242-47c3-ab19-a13b1f6f3ac3
96ede6b2-94a2-45cb-a6c0-4d461fb63661;4d577cf5-6522-4d5b-b0a6-5fb51f52f7ed;27e6393f-f44d-4d2e-907c-215239c00926
ef31b9ed-34b0-4324-a22e-29aa841f2eba;c4f506c6-18a1-4585-a3f4-70701836681c;4d577cf5-6522-4d5b-b0a6-5fb51f52f7ed
e894a8f2-dc23-4235-bb68-c2996af26a7c;e24fa877-2340-47b7-a2f7-22755522b6db;c4f506c6-18a1-4585-a3f4-70701836681c
151dd12e-de8d-473f-8edb-8c361308f982;dc285227-60b8-4518-9364-80e0ed9af9cf;27e6393f-f44d-4d2e-907c-215239c00926
0432edbc-4bb7-4036-9892-316bc914bfa1;27e6393f-f44d-4d2e-907c-215239c00926;dc285227-60b8-4518-9364-80e0ed9af9cf
04faccd3-bd74-4987-b5fd-0c7ec0ea042f;27e6393f-f44d-4d2e-907c-215239c00926;4d577cf5-6522-4d5b-b0a6-5fb51f52f7ed
5caed267-2511-46de-9ebc-de01e279673b;4d577cf5-6522-4d5b-b0a6-5fb51f52f7ed;6ee17701-be53-483d-a83c-0daa558c52f3
07de68d7-5a26-4640-ab30-da5c35d4fec9;bb3285fc-6242-47c3-ab19-a13b1f6f3ac3;27e6393f-f44d-4d2e-907c-215239c00926
e34aff3b-69cc-4d63-b181-ed115ee4a319;dc285227-60b8-4518-9364-80e0ed9af9cf;c4f506c6-18a1-4585-a3f4-70701836681c
64a9a0fa-c64a-4cec-b9c4-e30742406152;4d577cf5-6522-4d5b-b0a6-5fb51f52f7ed;562046c0-c674-49e4-8a3e-430a7b9121df
8df2a321-8215-40ae-8dcf-156be6fda94a;562046c0-c674-49e4-8a3e-430a7b9121df;4d577cf5-6522-4d5b-b0a6-5fb51f52f7ed
5318ca9b-bfe2-4de7-95c1-344806de5579;c4f506c6-18a1-4585-a3f4-70701836681c;dc285227-60b8-4518-9364-80e0ed9af9cf
f6b0a9e7-7690-41f3-9b7b-98eb9a27b47b;c4f506c6-18a1-4585-a3f4-70701836681c;2124adc1-8bb7-474c-bea9-9f73cf279a9c
e406429c-3def-417e-b68a-8bf4caebeaa5;dc285227-60b8-4518-9364-80e0ed9af9cf;562046c0-c674-49e4-8a3e-430a7b9121df
1a66c0a7-d9d9-4af5-a4e6-a8b7e8501105;562046c0-c674-49e4-8a3e-430a7b9121df;dc285227-60b8-4518-9364-80e0ed9af9cf
c06c71b3-2d7b-40f4-8cbb-c49a9c4f248a;2124adc1-8bb7-474c-bea9-9f73cf279a9c;c4f506c6-18a1-4585-a3f4-70701836681c
8712c850-5e1f-43ce-a664-0f1e84899791;dc285227-60b8-4518-9364-80e0ed9af9cf;1d5b2b24-c211-4181-92c5-166cc152b5bd
ad60b879-40c1-4f4d-bb90-c944e0335195;bb3285fc-6242-47c3-ab19-a13b1f6f3ac3;3f136bff-dece-4e86-9dc1-4f5c6395ef65
8a8059aa-9c95-44f2-89e4-973e93c06963;c4f506c6-18a1-4585-a3f4-70701836681c;02c8e1f4-a926-4bd2-9bb1-5374dbebf808
c2cea91f-e1cc-401e-ac18-ad193c58094e;bb3285fc-6242-47c3-ab19-a13b1f6f3ac3;2c213a25-487f-485d-8e0f-d23bca7bd80a
cc196182-be87-44e3-9122-d7fe291bed79;29eaa7d6-bf6a-46ac-990e-068a3d6cb912;bb3285fc-6242-47c3-ab19-a13b1f6f3ac3
66570f08-5bb8-4949-917c-5e815896f027;2c213a25-487f-485d-8e0f-d23bca7bd80a;29eaa7d6-bf6a-46ac-990e-068a3d6cb912
bbecd198-d3e4-4983-b0b0-8e4adbbb9eff;bb3285fc-6242-47c3-ab19-a13b1f6f3ac3;c4f506c6-18a1-4585-a3f4-70701836681c
624224fe-0d7f-4d50-84dc-4099e5cfec52;02c8e1f4-a926-4bd2-9bb1-5374dbebf808;c4f506c6-18a1-4585-a3f4-70701836681c
0a830c7d-795d-4c18-a0f1-33dd8764a4d6;bb3285fc-6242-47c3-ab19-a13b1f6f3ac3;89f93642-083d-4153-9345-6680db22eb27
925c282d-2701-4e49-b2b9-c100e3e7f2b2;32580782-9ba8-4e92-90c6-7b99fb53bdb0;4d577cf5-6522-4d5b-b0a6-5fb51f52f7ed
5a8eabb2-4616-451f-8ab2-928ce455bc73;4d577cf5-6522-4d5b-b0a6-5fb51f52f7ed;5d4c0a13-79f2-4170-9aef-7d7d87d5766c
1c017d4d-64e3-4cc0-be77-a9d76099dd10;6ee17701-be53-483d-a83c-0daa558c52f3;f683cdce-4c29-4044-a603-d1bd8f29d032
d6a87799-6c90-4540-8754-cfab85fbda6d;f683cdce-4c29-4044-a603-d1bd8f29d032;6ee17701-be53-483d-a83c-0daa558c52f3
b1f9c956-1bbe-4206-aa5f-8496ee4b2925;6ee17701-be53-483d-a83c-0daa558c52f3;4d577cf5-6522-4d5b-b0a6-5fb51f52f7ed
001cfb19-bf6f-42d8-b886-cb0c30438ea3;c4f506c6-18a1-4585-a3f4-70701836681c;bb3285fc-6242-47c3-ab19-a13b1f6f3ac3
720d3f62-af44-43b9-9323-6ee779d289f4;bb3285fc-6242-47c3-ab19-a13b1f6f3ac3;1d5b2b24-c211-4181-92c5-166cc152b5bd
480d9b4d-99e1-4ffe-9413-627bdae2b00d;1d5b2b24-c211-4181-92c5-166cc152b5bd;bb3285fc-6242-47c3-ab19-a13b1f6f3ac3
4892cd6f-a990-4e4c-9102-20877ce8c249;4d577cf5-6522-4d5b-b0a6-5fb51f52f7ed;c4f506c6-18a1-4585-a3f4-70701836681c
3d219f05-afd6-49e1-a396-493d89a5a808;c4f506c6-18a1-4585-a3f4-70701836681c;e24fa877-2340-47b7-a2f7-22755522b6db
d48cff63-5c43-425b-836b-e849c5f3d2a0;3cfc251b-7374-4f5d-880d-d9e34f9bfcc0;2620c156-321d-4df8-aa29-ab512030fd4b
f462dce2-ddc4-419a-bf15-2f05729518f9;4d577cf5-6522-4d5b-b0a6-5fb51f52f7ed;da255860-d69f-4893-8123-fa8466893180
1568114e-74c5-467a-ba6b-cc49e2450652;ff0c966c-ce39-4169-ae10-3f6bf8e40a37;2bff687b-21aa-4234-80a1-85d9a63013fc
548872e3-7448-4ae6-a6e6-c1543e65fde6;3cfc251b-7374-4f5d-880d-d9e34f9bfcc0;44fb139a-3338-4d49-a6ba-6d6a3c440d4b
1f50c9ac-5910-4229-9d35-dfff9709d5c0;ac4530e3-4881-464f-a879-1d81793db8d0;bb3285fc-6242-47c3-ab19-a13b1f6f3ac3
a3961932-27c3-4189-b32c-2be9d0e49943;ce16f36e-fc80-46a3-90f6-915894c976c3;bb3285fc-6242-47c3-ab19-a13b1f6f3ac3
cf937831-55ad-4b6a-ad97-ada487014461;bb3285fc-6242-47c3-ab19-a13b1f6f3ac3;22b8ed52-e08a-4971-ae3a-b98e6b8c796f
8e3b7952-13e7-4183-a57a-ac7153bd8035;22b8ed52-e08a-4971-ae3a-b98e6b8c796f;bb3285fc-6242-47c3-ab19-a13b1f6f3ac3
acf4cb06-f113-4b5e-a7ec-ae847e27063b;4d577cf5-6522-4d5b-b0a6-5fb51f52f7ed;bb3285fc-6242-47c3-ab19-a13b1f6f3ac3
ae10bee6-1b79-4f5d-bf39-db07dde1a21c;4d577cf5-6522-4d5b-b0a6-5fb51f52f7ed;dc285227-60b8-4518-9364-80e0ed9af9cf
a7859947-b490-4347-b09c-f0f953acddbb;2bff687b-21aa-4234-80a1-85d9a63013fc;ff0c966c-ce39-4169-ae10-3f6bf8e40a37
de71006c-ad82-4360-9f0c-6771fa7a011f;ff0c966c-ce39-4169-ae10-3f6bf8e40a37;bb3285fc-6242-47c3-ab19-a13b1f6f3ac3
df79ce00-2565-4796-90a4-cdcc3e565fc5;400df531-77fc-4e7e-84d8-84015d309cc3;bb3285fc-6242-47c3-ab19-a13b1f6f3ac3
8f4456b5-aaa1-44be-bf91-75919b982e97;e2f9af4d-a6d0-44aa-a06a-2d2241cac661;bb3285fc-6242-47c3-ab19-a13b1f6f3ac3
f7e1faf0-59e3-44f2-a0a9-9ce1420051fa;bb3285fc-6242-47c3-ab19-a13b1f6f3ac3;ce16f36e-fc80-46a3-90f6-915894c976c3
e81a2ac6-d86d-4f9c-a0d3-66c536423838;c337ff37-7510-443c-be2a-8a52de7b92cb;4d577cf5-6522-4d5b-b0a6-5fb51f52f7ed
f3027e17-9918-46cc-9b8c-7820ba1d44b4;bb3285fc-6242-47c3-ab19-a13b1f6f3ac3;2ff2ca58-f137-4956-bf38-28a58f47756f
2b6b4bbc-777e-4d0e-abaf-95667b989852;bb3285fc-6242-47c3-ab19-a13b1f6f3ac3;e24fa877-2340-47b7-a2f7-22755522b6db
7285631e-958d-4224-98e1-28e812b4cd76;bb3285fc-6242-47c3-ab19-a13b1f6f3ac3;4e593287-823f-4476-bd2a-02c6b58b662c
288f10d8-2f72-42ef-a6bc-46f6c9b9cb18;bb3285fc-6242-47c3-ab19-a13b1f6f3ac3;00e64b63-5323-4189-b8a6-0256f60c14ca
17a451ac-2588-4566-abb0-ad98ef36791b;6360faab-6955-4865-b101-740f7b9ba074;f9ac7e66-6ba3-43e2-9bdd-af3a8123d4d3
1e67ea56-7624-4f10-a342-6599a5875c3f;bb3285fc-6242-47c3-ab19-a13b1f6f3ac3;31f1fbd0-978a-40b5-8032-6bd0025f9b56
2591622c-2783-41c9-a25b-f4ffe542d7c3;bb3285fc-6242-47c3-ab19-a13b1f6f3ac3;01e4a45b-7503-475d-8bae-c359c3158686
4657b34c-8b82-44e5-aaab-d8d4fa137b14;bb3285fc-6242-47c3-ab19-a13b1f6f3ac3;44fb139a-3338-4d49-a6ba-6d6a3c440d4b
91eb7b43-deff-4601-82db-60e5676c5d63;3cfc251b-7374-4f5d-880d-d9e34f9bfcc0;2e357554-3562-46f0-9f1f-50e159689551
128f4f61-852b-4fc1-9285-053415f3b7ae;2e357554-3562-46f0-9f1f-50e159689551;3cfc251b-7374-4f5d-880d-d9e34f9bfcc0
08667ada-bc1e-408b-8b32-d7dfdc24c499;32c2c24e-3155-41f4-a4ef-2825b2197128;bb3285fc-6242-47c3-ab19-a13b1f6f3ac3
7192f557-bdb4-4576-863d-c06f5193d7b1;8d108536-d228-4475-a1c2-2984d6905fd8;ff0c966c-ce39-4169-ae10-3f6bf8e40a37
b3989e9e-ad2f-4c47-9ee4-002f9a8e5e97;bb3285fc-6242-47c3-ab19-a13b1f6f3ac3;f0678f1d-8e35-4165-a325-d97c77284e3f
8b26719d-af2d-4975-8ecd-7b38f9881e8a;bb3285fc-6242-47c3-ab19-a13b1f6f3ac3;dae8695d-0f38-42b9-ac32-58b4c6210031
c1cf59ba-4075-44b5-b000-71a6c2c86643;dae8695d-0f38-42b9-ac32-58b4c6210031;bb3285fc-6242-47c3-ab19-a13b1f6f3ac3
2217dd1b-29d5-4dfa-92a0-eba67fa8d94e;2124adc1-8bb7-474c-bea9-9f73cf279a9c;bb3285fc-6242-47c3-ab19-a13b1f6f3ac3
2b45323a-1755-4d5f-9f7e-77fbd9dc130f;00e64b63-5323-4189-b8a6-0256f60c14ca;1d5b2b24-c211-4181-92c5-166cc152b5bd
5ce5777f-bf20-4144-8a65-47601a96aff1;31f1fbd0-978a-40b5-8032-6bd0025f9b56;3cfc251b-7374-4f5d-880d-d9e34f9bfcc0
06cabcfa-b3a9-4ba1-ae75-84aaddb750b8;a9d28e09-37cb-4383-89a8-d256103ecdbe;4d577cf5-6522-4d5b-b0a6-5fb51f52f7ed
20bb0483-2829-49ca-9605-e1db220a3bb7;bb3285fc-6242-47c3-ab19-a13b1f6f3ac3;3b5e33f9-3ae3-4ef1-96ce-fc119305d717
13310d91-79bf-4e40-9a6b-34a9fabf6aa9;bb3285fc-6242-47c3-ab19-a13b1f6f3ac3;8421cdef-ce3c-4ccd-bf93-6c4e0cf6de6a
42be2a48-3142-4850-b463-e98e02bbca60;4d577cf5-6522-4d5b-b0a6-5fb51f52f7ed;2bff687b-21aa-4234-80a1-85d9a63013fc
7da357cb-0422-4211-809b-2adb1a3c5bad;27e6393f-f44d-4d2e-907c-215239c00926;bb3285fc-6242-47c3-ab19-a13b1f6f3ac3
60bba772-0107-4f54-af50-530c7d920eff;4d577cf5-6522-4d5b-b0a6-5fb51f52f7ed;781de339-7f2e-4188-bec2-4dd4405fdedb
8391131e-ad26-4469-b239-21ae656d6c1f;3cfc251b-7374-4f5d-880d-d9e34f9bfcc0;bb3285fc-6242-47c3-ab19-a13b1f6f3ac3
678b8adc-6440-4078-8bc0-43fc9208009c;691c8cce-990b-464d-a569-dc93b64707d8;4d577cf5-6522-4d5b-b0a6-5fb51f52f7ed
81f5ba6b-39f0-48dc-93b1-25dd06252af1;4d577cf5-6522-4d5b-b0a6-5fb51f52f7ed;c337ff37-7510-443c-be2a-8a52de7b92cb
15098980-ed01-47d6-a7ed-f9c8a8f72052;4d577cf5-6522-4d5b-b0a6-5fb51f52f7ed;09bc640b-d891-4d4c-889b-523a18b4f014
ed9abebe-7a94-450b-8ad7-87a4b0f3b8ab;bb3285fc-6242-47c3-ab19-a13b1f6f3ac3;3cfc251b-7374-4f5d-880d-d9e34f9bfcc0
ea6dc659-3304-4967-9088-188b07ed1ea3;4e593287-823f-4476-bd2a-02c6b58b662c;3cfc251b-7374-4f5d-880d-d9e34f9bfcc0
f1534846-4184-4a2b-88d2-8ac2f5b63d70;bb3285fc-6242-47c3-ab19-a13b1f6f3ac3;fd6e6e6b-8ad8-43b0-b354-c348b313720e
27282665-dd08-4972-80a9-5b9326da4bf7;71b98b27-4ef9-405d-8d8e-1f1ee5b57355;4d577cf5-6522-4d5b-b0a6-5fb51f52f7ed
292967f2-4191-4855-8efd-7660dd93f61a;4d577cf5-6522-4d5b-b0a6-5fb51f52f7ed;6360faab-6955-4865-b101-740f7b9ba074
d49d4fcb-704a-4db5-9b55-65b087b5c1d1;6360faab-6955-4865-b101-740f7b9ba074;4d577cf5-6522-4d5b-b0a6-5fb51f52f7ed
1e962f67-ffc0-40eb-8d16-b84c53d754f2;89f93642-083d-4153-9345-6680db22eb27;2620c156-321d-4df8-aa29-ab512030fd4b
d40c3ee7-91ce-47db-9d90-d9ecd24efdee;e24fa877-2340-47b7-a2f7-22755522b6db;bb3285fc-6242-47c3-ab19-a13b1f6f3ac3
f26c9ca6-c052-4732-ac69-3f1599e537d1;4d577cf5-6522-4d5b-b0a6-5fb51f52f7ed;01e4a45b-7503-475d-8bae-c359c3158686
f64294db-2d94-4571-b3c1-2d2d8ceeac23;bb3285fc-6242-47c3-ab19-a13b1f6f3ac3;02c8e1f4-a926-4bd2-9bb1-5374dbebf808
dda76c51-c61e-44c7-a223-84d1193da5b8;02c8e1f4-a926-4bd2-9bb1-5374dbebf808;bb3285fc-6242-47c3-ab19-a13b1f6f3ac3
0005dd8d-5bfe-4be0-a158-8b9fe346f198;781de339-7f2e-4188-bec2-4dd4405fdedb;4d577cf5-6522-4d5b-b0a6-5fb51f52f7ed
95f3db97-66b5-432c-bb27-956055f3ccb6;01e4a45b-7503-475d-8bae-c359c3158686;bb3285fc-6242-47c3-ab19-a13b1f6f3ac3
c8eb9c4d-9817-4afb-948a-281b0ac17dc0;2ff2ca58-f137-4956-bf38-28a58f47756f;bb3285fc-6242-47c3-ab19-a13b1f6f3ac3
2578c4c8-00c1-4a56-98d6-33817c3df797;4d577cf5-6522-4d5b-b0a6-5fb51f52f7ed;691c8cce-990b-464d-a569-dc93b64707d8
c1f48d04-c464-4112-8faf-ebaccb684afb;4d577cf5-6522-4d5b-b0a6-5fb51f52f7ed;184cd42c-ae1f-49f5-86b0-158a4f2d2397
cd4ad322-724b-4fe8-94dd-01f784a99cd6;bb3285fc-6242-47c3-ab19-a13b1f6f3ac3;c337ff37-7510-443c-be2a-8a52de7b92cb
30633bab-bc54-4f3f-b4f8-2e5d3ba73361;a0a776ee-bb63-4f64-b0f8-c7c075e2d82e;4d577cf5-6522-4d5b-b0a6-5fb51f52f7ed
df067fc6-2390-4bfd-a332-3fae7bd9e709;781de339-7f2e-4188-bec2-4dd4405fdedb;bb3285fc-6242-47c3-ab19-a13b1f6f3ac3
90f4327c-d03c-47b3-8f31-e3315f84504c;1d5b2b24-c211-4181-92c5-166cc152b5bd;ff0c966c-ce39-4169-ae10-3f6bf8e40a37
d02adf88-541f-4a28-bb73-3b1534d57cd6;31f1fbd0-978a-40b5-8032-6bd0025f9b56;bb3285fc-6242-47c3-ab19-a13b1f6f3ac3
8a2e79fd-de1d-4d7e-91aa-552ba3113b2e;bb3285fc-6242-47c3-ab19-a13b1f6f3ac3;301474c2-c3f5-4432-a2da-d7b9a0041975
51edf17f-bde5-4b56-98f4-b8d3cb18cbe8;4d577cf5-6522-4d5b-b0a6-5fb51f52f7ed;c00460f8-dc2c-422a-8c22-082e9760280b
4fd426ca-17fa-4ac9-ba99-42cf07b977e0;fd6e6e6b-8ad8-43b0-b354-c348b313720e;bb3285fc-6242-47c3-ab19-a13b1f6f3ac3
ef4ff969-1e77-4a33-b8c3-e9ccbb369f7f;c00460f8-dc2c-422a-8c22-082e9760280b;09bc640b-d891-4d4c-889b-523a18b4f014
89ec0157-8a03-417a-88e4-361f429c0d2c;c337ff37-7510-443c-be2a-8a52de7b92cb;bb3285fc-6242-47c3-ab19-a13b1f6f3ac3
1e7c6bb6-11d2-47b5-8deb-924d1c88128b;bb3285fc-6242-47c3-ab19-a13b1f6f3ac3;ff0c966c-ce39-4169-ae10-3f6bf8e40a37
3a3f15f8-105e-4588-b723-c417cc868c83;bb3285fc-6242-47c3-ab19-a13b1f6f3ac3;2620c156-321d-4df8-aa29-ab512030fd4b
645c7fb9-8318-4cbc-9d45-711bae619c31;4d577cf5-6522-4d5b-b0a6-5fb51f52f7ed;a9d28e09-37cb-4383-89a8-d256103ecdbe
3fb89e3b-5904-49b1-aa87-233f958e35e7;01e4a45b-7503-475d-8bae-c359c3158686;4d577cf5-6522-4d5b-b0a6-5fb51f52f7ed
20621ad7-656d-42b3-b84e-b96dfb03fe41;89f93642-083d-4153-9345-6680db22eb27;4d577cf5-6522-4d5b-b0a6-5fb51f52f7ed
13bcd159-213c-445c-8988-9c535534bb31;44fb139a-3338-4d49-a6ba-6d6a3c440d4b;bb3285fc-6242-47c3-ab19-a13b1f6f3ac3
b6349c66-c6d3-4c8e-914e-991160e05fd2;e83ddc18-59b9-4340-9838-8a37533b055e;bb3285fc-6242-47c3-ab19-a13b1f6f3ac3
ca23d77e-ee08-4b62-b17e-421826e3ef84;c00460f8-dc2c-422a-8c22-082e9760280b;bb3285fc-6242-47c3-ab19-a13b1f6f3ac3
ac296818-e90a-41e5-980d-484d4089fffa;3f136bff-dece-4e86-9dc1-4f5c6395ef65;4d577cf5-6522-4d5b-b0a6-5fb51f52f7ed
1f9734da-419c-445c-9677-a5dffe1e0c17;bb3285fc-6242-47c3-ab19-a13b1f6f3ac3;781de339-7f2e-4188-bec2-4dd4405fdedb
6aaf40e7-a3ff-465c-937b-5243581391e5;4d577cf5-6522-4d5b-b0a6-5fb51f52f7ed;27174c60-11c2-40c1-b681-c22ff019f0f1
6f122209-13fe-400d-8c75-81a7f1496fd6;27174c60-11c2-40c1-b681-c22ff019f0f1;4d577cf5-6522-4d5b-b0a6-5fb51f52f7ed
12ecf2d4-a38f-4878-8eed-d675e5fcae4e;6ee17701-be53-483d-a83c-0daa558c52f3;09bc640b-d891-4d4c-889b-523a18b4f014
d9130859-4413-42ca-b35e-daac59c60701;bb3285fc-6242-47c3-ab19-a13b1f6f3ac3;27174c60-11c2-40c1-b681-c22ff019f0f1
534e062e-1233-4c78-9a8c-0508a7682311;27174c60-11c2-40c1-b681-c22ff019f0f1;bb3285fc-6242-47c3-ab19-a13b1f6f3ac3
e9e2d588-b1c7-48e3-bebb-75adb8b24628;3cfc251b-7374-4f5d-880d-d9e34f9bfcc0;4d577cf5-6522-4d5b-b0a6-5fb51f52f7ed
b5124062-1b8e-49c1-b450-4e6e641f1542;4d577cf5-6522-4d5b-b0a6-5fb51f52f7ed;3cfc251b-7374-4f5d-880d-d9e34f9bfcc0
21d93173-c272-4168-a56a-64cbf17748ed;bb3285fc-6242-47c3-ab19-a13b1f6f3ac3;f683cdce-4c29-4044-a603-d1bd8f29d032
cf9a512b-bf5b-42e2-8793-b6c4e58c8417;33b20f9f-6e41-4ec1-b12b-b14011f17435;bb3285fc-6242-47c3-ab19-a13b1f6f3ac3
ad68ae2e-3379-47dc-ab19-72184e6032e7;4d577cf5-6522-4d5b-b0a6-5fb51f52f7ed;a0a776ee-bb63-4f64-b0f8-c7c075e2d82e
d1f09da3-990a-401c-822f-21a090ff6e6e;c00460f8-dc2c-422a-8c22-082e9760280b;3cfc251b-7374-4f5d-880d-d9e34f9bfcc0
d58bfb13-a98a-4788-adc7-745976165292;20320f5b-4e9d-4342-9f85-98680ceece9e;4d577cf5-6522-4d5b-b0a6-5fb51f52f7ed
59faa12f-cf25-4906-9257-ee9c652cbfc2;4d577cf5-6522-4d5b-b0a6-5fb51f52f7ed;b4881349-860b-4029-8ad9-93c71b8d2c62
b5f86633-66ba-4386-824e-80b1586ca548;b4881349-860b-4029-8ad9-93c71b8d2c62;b984e746-18a2-4ffb-b4d9-78235a39b79f
58ac2020-070d-42ea-9ff5-c7126648e2cc;bb3285fc-6242-47c3-ab19-a13b1f6f3ac3;2124adc1-8bb7-474c-bea9-9f73cf279a9c
4125d85b-f2d0-4558-aa7b-ea3bc9beaabb;ff0c966c-ce39-4169-ae10-3f6bf8e40a37;1d5b2b24-c211-4181-92c5-166cc152b5bd
cfcf519f-dd0f-4e79-9c65-a7995f774b83;2620c156-321d-4df8-aa29-ab512030fd4b;3cfc251b-7374-4f5d-880d-d9e34f9bfcc0
b7058d40-ff30-4771-90b8-d38af709e4fa;09bc640b-d891-4d4c-889b-523a18b4f014;4d577cf5-6522-4d5b-b0a6-5fb51f52f7ed
921826c0-f81c-4759-b333-6e3235b9d2c1;518c9e39-2928-44b0-be7d-dddfb837dc59;4d577cf5-6522-4d5b-b0a6-5fb51f52f7ed
a1414a61-6e3e-4b38-b1d1-821a564e5279;4d577cf5-6522-4d5b-b0a6-5fb51f52f7ed;518c9e39-2928-44b0-be7d-dddfb837dc59
7f6831f8-9c02-432c-b970-4e6391c227dc;ff0c966c-ce39-4169-ae10-3f6bf8e40a37;20320f5b-4e9d-4342-9f85-98680ceece9e
e22e7a75-7eee-4215-a58d-22cff6965857;20320f5b-4e9d-4342-9f85-98680ceece9e;ff0c966c-ce39-4169-ae10-3f6bf8e40a37
b99f2f5e-7458-4daf-a101-f2171c63845a;4d577cf5-6522-4d5b-b0a6-5fb51f52f7ed;14f45bd9-404c-4311-8013-67bfdd186cb1
06e579ef-1d0f-4653-9cd7-578f14971c89;284a5463-0e92-48d1-a822-1fb69be165db;bb3285fc-6242-47c3-ab19-a13b1f6f3ac3
2fca73fb-2281-491a-992d-997f83fec43e;4d577cf5-6522-4d5b-b0a6-5fb51f52f7ed;5618c1fb-f1bb-4741-86f2-49e669d6b312
8657e8b5-9620-42aa-9bbc-f39dfa267c0c;5618c1fb-f1bb-4741-86f2-49e669d6b312;4d577cf5-6522-4d5b-b0a6-5fb51f52f7ed
41a1e940-24bc-4b1c-be1d-b7fb75cdd109;c00460f8-dc2c-422a-8c22-082e9760280b;44fb139a-3338-4d49-a6ba-6d6a3c440d4b
77a25191-27a1-46c6-a8b3-585188e83d98;3cfc251b-7374-4f5d-880d-d9e34f9bfcc0;c00460f8-dc2c-422a-8c22-082e9760280b
7a65403a-e087-45ee-8b24-214406911cf1;bb3285fc-6242-47c3-ab19-a13b1f6f3ac3;32c2c24e-3155-41f4-a4ef-2825b2197128
fd2e515e-ea4c-4bee-b363-1472dda7a4c8;4e593287-823f-4476-bd2a-02c6b58b662c;bb3285fc-6242-47c3-ab19-a13b1f6f3ac3
cbd25d8b-3510-4d1f-a558-e4148c448649;bb3285fc-6242-47c3-ab19-a13b1f6f3ac3;284a5463-0e92-48d1-a822-1fb69be165db
7b51b7de-148b-46e8-a330-9bab819affb8;14f45bd9-404c-4311-8013-67bfdd186cb1;4d577cf5-6522-4d5b-b0a6-5fb51f52f7ed
3ec2f095-571a-4713-828a-f94e53464080;4d577cf5-6522-4d5b-b0a6-5fb51f52f7ed;e24fa877-2340-47b7-a2f7-22755522b6db
9b6414d7-2bed-488a-8299-f87de7ddbbc2;e24fa877-2340-47b7-a2f7-22755522b6db;4d577cf5-6522-4d5b-b0a6-5fb51f52f7ed
3b52832b-a4dd-46ed-88a0-76f42f4b7b04;f9ac7e66-6ba3-43e2-9bdd-af3a8123d4d3;6360faab-6955-4865-b101-740f7b9ba074
290dbff9-7d45-4f1c-aadf-028c9d0a98dd;3cfc251b-7374-4f5d-880d-d9e34f9bfcc0;4e593287-823f-4476-bd2a-02c6b58b662c
55f56937-8220-4f06-b6e2-b7760d5803bd;e2f9af4d-a6d0-44aa-a06a-2d2241cac661;3cfc251b-7374-4f5d-880d-d9e34f9bfcc0
ec260a73-73da-4501-8db4-2e1a582bc846;3cfc251b-7374-4f5d-880d-d9e34f9bfcc0;e2f9af4d-a6d0-44aa-a06a-2d2241cac661
61b3aeb7-0ce1-48a5-8be2-bb1e4c6e2bbe;4d577cf5-6522-4d5b-b0a6-5fb51f52f7ed;e163e5ea-b716-4109-8f3e-cb42b39b64d5
475f9b5d-bd42-4638-b87a-e20a1a4bfc88;e163e5ea-b716-4109-8f3e-cb42b39b64d5;4d577cf5-6522-4d5b-b0a6-5fb51f52f7ed
e65130e2-26c0-437c-8982-4ec9ebccbe93;f0678f1d-8e35-4165-a325-d97c77284e3f;bb3285fc-6242-47c3-ab19-a13b1f6f3ac3
cfaf6aa6-a21d-49f0-94ad-2875838d4d08;ff0c966c-ce39-4169-ae10-3f6bf8e40a37;51ae399c-a1ec-4198-b41a-19359be20317
bf9f1d55-282c-4a04-bfc3-c0afe76a247a;bb3285fc-6242-47c3-ab19-a13b1f6f3ac3;9cf5b637-742d-47cf-9b0d-659c305c0928
95123b06-804b-4e03-a135-9f8ef2388a70;9cf5b637-742d-47cf-9b0d-659c305c0928;bb3285fc-6242-47c3-ab19-a13b1f6f3ac3
581b34bf-589a-4c1b-9b0e-2fb5e11e235d;301474c2-c3f5-4432-a2da-d7b9a0041975;bb3285fc-6242-47c3-ab19-a13b1f6f3ac3
1b1c8893-9d05-4175-b328-0f9205cbd7ff;4d577cf5-6522-4d5b-b0a6-5fb51f52f7ed;89f93642-083d-4153-9345-6680db22eb27
4090d3c7-2987-4059-aeb3-162f28295729;bb3285fc-6242-47c3-ab19-a13b1f6f3ac3;c00460f8-dc2c-422a-8c22-082e9760280b
fc181bf7-b9cf-4911-b554-18320a24a760;b0f87d03-7f6a-4f05-91c9-f50ed72c06d8;6360faab-6955-4865-b101-740f7b9ba074
00bd9ce7-1789-45ee-ade2-0ce3ca8dffe4;4d577cf5-6522-4d5b-b0a6-5fb51f52f7ed;1d5b2b24-c211-4181-92c5-166cc152b5bd
50e8caa1-c77e-432a-86fc-0421cc49b16c;2d9f3559-fec8-4ece-bf1b-f86ed0d5f245;bb3285fc-6242-47c3-ab19-a13b1f6f3ac3
bd05a249-04ee-454b-a8ba-85233ba243c1;3fdd0ac8-10aa-401b-a76c-20e9d40a9b24;4d577cf5-6522-4d5b-b0a6-5fb51f52f7ed
1e2b29a7-dde6-46be-85e3-4030f6ad1214;bb3285fc-6242-47c3-ab19-a13b1f6f3ac3;e83ddc18-59b9-4340-9838-8a37533b055e
6fa53cec-1952-4b8e-9046-515fb1554a36;bb3285fc-6242-47c3-ab19-a13b1f6f3ac3;400df531-77fc-4e7e-84d8-84015d309cc3
5aa0cff2-92aa-44f0-90a5-e4276b97c1ef;bb3285fc-6242-47c3-ab19-a13b1f6f3ac3;09bc640b-d891-4d4c-889b-523a18b4f014
7202358c-3a96-40b2-a4eb-815e1e4227e6;1d5b2b24-c211-4181-92c5-166cc152b5bd;4d577cf5-6522-4d5b-b0a6-5fb51f52f7ed
2153a4f8-5e53-4690-a8ca-da69f7a7d76c;27174c60-11c2-40c1-b681-c22ff019f0f1;781de339-7f2e-4188-bec2-4dd4405fdedb
c6993da4-3e8f-4817-8ce4-7f46e5a5ed79;781de339-7f2e-4188-bec2-4dd4405fdedb;27174c60-11c2-40c1-b681-c22ff019f0f1
b825e781-9230-44c9-a9a3-3ff39f80f4f9;44fb139a-3338-4d49-a6ba-6d6a3c440d4b;3cfc251b-7374-4f5d-880d-d9e34f9bfcc0
5a2c1669-99dd-4a5b-99b8-c50ba4be8b5d;284a5463-0e92-48d1-a822-1fb69be165db;89f93642-083d-4153-9345-6680db22eb27
c03c0f64-fe09-4f13-b280-8de1ce95dbb9;89f93642-083d-4153-9345-6680db22eb27;284a5463-0e92-48d1-a822-1fb69be165db
8d533c92-a353-4f69-8d72-c2b350b110ff;6360faab-6955-4865-b101-740f7b9ba074;cadabe29-a295-448e-aaff-21844e1d229f
e982f2af-1f6f-4687-aeb5-c6d31ebe6a9a;cadabe29-a295-448e-aaff-21844e1d229f;6360faab-6955-4865-b101-740f7b9ba074
c17a24ea-350d-4e86-8a21-e02ebd504883;184cd42c-ae1f-49f5-86b0-158a4f2d2397;2bff687b-21aa-4234-80a1-85d9a63013fc
28a02f07-e966-4549-ae0b-4fb74439d9a7;bb3285fc-6242-47c3-ab19-a13b1f6f3ac3;daa38fc1-6e96-4ac6-9e7f-60652d614746
1005bc10-d382-40ae-8392-00b4ffa052bf;daa38fc1-6e96-4ac6-9e7f-60652d614746;bb3285fc-6242-47c3-ab19-a13b1f6f3ac3
b31b6874-1da6-4677-8394-a1a038695699;09bc640b-d891-4d4c-889b-523a18b4f014;bb3285fc-6242-47c3-ab19-a13b1f6f3ac3
0e3fd42a-c9e8-4a65-9f2d-41e74e2cc127;4d577cf5-6522-4d5b-b0a6-5fb51f52f7ed;fd6e6e6b-8ad8-43b0-b354-c348b313720e
6277025e-5907-4401-b717-92ecc27e8393;fd6e6e6b-8ad8-43b0-b354-c348b313720e;4d577cf5-6522-4d5b-b0a6-5fb51f52f7ed
82fcf997-134c-49d7-86d6-7f19d46411de;4d577cf5-6522-4d5b-b0a6-5fb51f52f7ed;20320f5b-4e9d-4342-9f85-98680ceece9e
65352cf9-9d26-4c09-91fd-d88ca2aa7251;2bff687b-21aa-4234-80a1-85d9a63013fc;4d577cf5-6522-4d5b-b0a6-5fb51f52f7ed
2ac4aa15-e161-4f85-b82f-bc4b4b5dc239;c00460f8-dc2c-422a-8c22-082e9760280b;4d577cf5-6522-4d5b-b0a6-5fb51f52f7ed
6a7e7f5b-5a85-4b71-b131-8abde804bedc;c00460f8-dc2c-422a-8c22-082e9760280b;33b20f9f-6e41-4ec1-b12b-b14011f17435
5e08892c-03fc-4300-9534-9efde3517cd1;33b20f9f-6e41-4ec1-b12b-b14011f17435;c00460f8-dc2c-422a-8c22-082e9760280b
e213522e-b017-47c3-8b47-03464e209625;ff0c966c-ce39-4169-ae10-3f6bf8e40a37;8d108536-d228-4475-a1c2-2984d6905fd8
ab5f65d2-80e9-4bda-97b7-a8ea260aac1d;bb3285fc-6242-47c3-ab19-a13b1f6f3ac3;bb3285fc-6242-47c3-ab19-a13b1f6f3ac3
da58aed2-572f-4c5a-9ad4-6f6344e6083b;51ae399c-a1ec-4198-b41a-19359be20317;ff0c966c-ce39-4169-ae10-3f6bf8e40a37
c3306a80-4a6e-4f7c-9d40-0f659f955804;6360faab-6955-4865-b101-740f7b9ba074;b0f87d03-7f6a-4f05-91c9-f50ed72c06d8
bf8242ef-f985-4b41-b01a-42410db2c6f1;2bff687b-21aa-4234-80a1-85d9a63013fc;184cd42c-ae1f-49f5-86b0-158a4f2d2397
727ed5e0-37a8-4fb5-9285-2517dd42352a;4d577cf5-6522-4d5b-b0a6-5fb51f52f7ed;ff0c966c-ce39-4169-ae10-3f6bf8e40a37
9ba4d0e0-63fb-4777-b861-bd23276ac3ac;3b5e33f9-3ae3-4ef1-96ce-fc119305d717;bb3285fc-6242-47c3-ab19-a13b1f6f3ac3
ae5211e2-1a3c-4445-b3b7-a67ad55041a0;7c1e978c-395d-4102-a45b-24a5bb3df834;da255860-d69f-4893-8123-fa8466893180
09797e55-cd23-443e-8e8d-e41ddb169e1c;da255860-d69f-4893-8123-fa8466893180;7c1e978c-395d-4102-a45b-24a5bb3df834
0eaf51b6-2264-435e-aa66-0f59df5f5822;3cfc251b-7374-4f5d-880d-d9e34f9bfcc0;dc285227-60b8-4518-9364-80e0ed9af9cf
db448a5e-65dc-4513-8014-a1cf7aa22c36;f683cdce-4c29-4044-a603-d1bd8f29d032;bb3285fc-6242-47c3-ab19-a13b1f6f3ac3
ff3e3802-8de5-468c-add9-5a133616fc05;dc285227-60b8-4518-9364-80e0ed9af9cf;09bc640b-d891-4d4c-889b-523a18b4f014
ab28fe3e-7904-4de7-bb32-12d63332c813;bb3285fc-6242-47c3-ab19-a13b1f6f3ac3;2d9f3559-fec8-4ece-bf1b-f86ed0d5f245
65920712-ac30-409c-8dd3-bf0ef731dd94;c00460f8-dc2c-422a-8c22-082e9760280b;8b0786a4-94e8-45ea-9dbe-b2dc9b16b9ca
f8a087e5-3aa2-4fe6-8a36-9f5742b7fc2c;8b0786a4-94e8-45ea-9dbe-b2dc9b16b9ca;c00460f8-dc2c-422a-8c22-082e9760280b
a47b2f6d-7a71-4828-955b-4331f83cef5a;4d577cf5-6522-4d5b-b0a6-5fb51f52f7ed;3f136bff-dece-4e86-9dc1-4f5c6395ef65
584c113f-b727-41fc-9675-76750d5d83d9;6360faab-6955-4865-b101-740f7b9ba074;ff0c966c-ce39-4169-ae10-3f6bf8e40a37
a14029a8-f4f1-48b7-b198-70e2eccbfd4f;ff0c966c-ce39-4169-ae10-3f6bf8e40a37;6360faab-6955-4865-b101-740f7b9ba074
60cc0128-a903-4888-a019-0c732f0cec99;09bc640b-d891-4d4c-889b-523a18b4f014;ff0c966c-ce39-4169-ae10-3f6bf8e40a37
cbc84448-11f5-4e28-9577-ce9dc79caedc;ff0c966c-ce39-4169-ae10-3f6bf8e40a37;09bc640b-d891-4d4c-889b-523a18b4f014
5c4159b9-be4e-4fae-9b95-c063bd98788f;bb3285fc-6242-47c3-ab19-a13b1f6f3ac3;33b20f9f-6e41-4ec1-b12b-b14011f17435
b5c61bd4-414e-4b61-bc15-6c8692c77d36;bb3285fc-6242-47c3-ab19-a13b1f6f3ac3;199331c2-e225-479c-b3c3-adc62814683f
cb4a473e-13b8-40b8-be31-febb017fed1b;199331c2-e225-479c-b3c3-adc62814683f;bb3285fc-6242-47c3-ab19-a13b1f6f3ac3
ca652ded-ca9c-4560-8e88-c0f74b5a873c;bb3285fc-6242-47c3-ab19-a13b1f6f3ac3;fcbd827c-606a-4b0d-9e25-4f14f8d767a9
7884ad1e-b839-42d6-8097-6329ef6d7ef7;fcbd827c-606a-4b0d-9e25-4f14f8d767a9;bb3285fc-6242-47c3-ab19-a13b1f6f3ac3
817ee4be-3be1-4525-9815-7f363460be94;ff0c966c-ce39-4169-ae10-3f6bf8e40a37;4d577cf5-6522-4d5b-b0a6-5fb51f52f7ed
59d81e49-3d87-45e4-98e9-cee18c436775;bb3285fc-6242-47c3-ab19-a13b1f6f3ac3;82f261d0-b3bf-4ec9-b4e3-551efc8b5a20
222cd4e0-dea6-4bad-9892-ec7ccec31e15;82f261d0-b3bf-4ec9-b4e3-551efc8b5a20;bb3285fc-6242-47c3-ab19-a13b1f6f3ac3
54261a11-ad67-4acf-ad26-ced5e9badfb3;bb3285fc-6242-47c3-ab19-a13b1f6f3ac3;e2f9af4d-a6d0-44aa-a06a-2d2241cac661
e7c55748-edcf-436c-8fa6-5ce97cf3bab4;da255860-d69f-4893-8123-fa8466893180;4d577cf5-6522-4d5b-b0a6-5fb51f52f7ed
578cd769-3298-4b01-bbd9-fa1ade834b83;1d5b2b24-c211-4181-92c5-166cc152b5bd;00e64b63-5323-4189-b8a6-0256f60c14ca
7e364cdd-d52d-4cf2-ad1f-f6c8283aa237;c00460f8-dc2c-422a-8c22-082e9760280b;7c1e978c-395d-4102-a45b-24a5bb3df834
83334d44-d661-4f96-bf0b-79dae7e72bb7;7c1e978c-395d-4102-a45b-24a5bb3df834;c00460f8-dc2c-422a-8c22-082e9760280b
85011673-bed8-429c-822d-0ddc0669101f;2620c156-321d-4df8-aa29-ab512030fd4b;89f93642-083d-4153-9345-6680db22eb27
883edf4e-d394-48a2-8fcc-442f0d03c553;4d577cf5-6522-4d5b-b0a6-5fb51f52f7ed;87b40f34-4b91-4180-9447-f958f8263559
3d5e0292-b235-416c-8068-5e7d1bd3ace6;4d577cf5-6522-4d5b-b0a6-5fb51f52f7ed;71b98b27-4ef9-405d-8d8e-1f1ee5b57355
6af81b75-49bc-4afc-bfa8-21b1ad3ef2d4;c00460f8-dc2c-422a-8c22-082e9760280b;01e4a45b-7503-475d-8bae-c359c3158686
a28ee5c2-caef-411e-88de-08d3d1f44a4f;01e4a45b-7503-475d-8bae-c359c3158686;c00460f8-dc2c-422a-8c22-082e9760280b
d01c48f3-b93c-42aa-9be7-3b870e44a95d;2bff687b-21aa-4234-80a1-85d9a63013fc;bb3285fc-6242-47c3-ab19-a13b1f6f3ac3
6f0c94d6-9537-44c8-bea7-4d2d2fe6494d;01e4a45b-7503-475d-8bae-c359c3158686;fd6e6e6b-8ad8-43b0-b354-c348b313720e
6ecd8244-9391-42b8-94e6-ab3f6a7bbc73;fd6e6e6b-8ad8-43b0-b354-c348b313720e;01e4a45b-7503-475d-8bae-c359c3158686
20b3a2c2-b82e-4f1a-88e0-978e4e39f0ba;09bc640b-d891-4d4c-889b-523a18b4f014;c00460f8-dc2c-422a-8c22-082e9760280b
35b6e9b3-b2d2-468e-9838-ea210b141911;87b40f34-4b91-4180-9447-f958f8263559;4d577cf5-6522-4d5b-b0a6-5fb51f52f7ed
61a078d4-6457-4dc4-824a-31ebebe760ab;4d577cf5-6522-4d5b-b0a6-5fb51f52f7ed;3fdd0ac8-10aa-401b-a76c-20e9d40a9b24
f6936603-3c9c-4108-b20e-b37af2ca327d;bb3285fc-6242-47c3-ab19-a13b1f6f3ac3;7ed0d1db-021a-46f9-9fa0-01422053cb15
29f94c5f-b42b-4bce-ae93-b060ffde4139;7ed0d1db-021a-46f9-9fa0-01422053cb15;bb3285fc-6242-47c3-ab19-a13b1f6f3ac3
a5d3764c-93be-45b5-9005-7a4849c3f0e8;2620c156-321d-4df8-aa29-ab512030fd4b;bb3285fc-6242-47c3-ab19-a13b1f6f3ac3
99c5611c-a870-4455-94ac-f3394abe5e1d;bb3285fc-6242-47c3-ab19-a13b1f6f3ac3;2bff687b-21aa-4234-80a1-85d9a63013fc
0e821fed-f806-4776-9715-d64ad26bc94b;bb3285fc-6242-47c3-ab19-a13b1f6f3ac3;425804d2-1274-4e79-b881-653dd782f2ad
d6a04fc0-106a-4208-817b-2a6d5d39a3ae;425804d2-1274-4e79-b881-653dd782f2ad;bb3285fc-6242-47c3-ab19-a13b1f6f3ac3
0e9e0bf9-9b58-414f-bb6a-33904dd24a22;bb3285fc-6242-47c3-ab19-a13b1f6f3ac3;7af4bd6f-4801-4def-95cd-37b3476ccda2
8c393fe8-687a-4c97-8391-4659fd7c7ed9;7af4bd6f-4801-4def-95cd-37b3476ccda2;bb3285fc-6242-47c3-ab19-a13b1f6f3ac3
0be08cb1-9ee3-4b54-80d2-43447721fdca;ff0c966c-ce39-4169-ae10-3f6bf8e40a37;ac4530e3-4881-464f-a879-1d81793db8d0
3bb6c650-52a4-4310-8c3b-3fe285f1ddc8;ac4530e3-4881-464f-a879-1d81793db8d0;ff0c966c-ce39-4169-ae10-3f6bf8e40a37
fdce5fc8-cb53-4c0e-8585-fad25dfa3b50;8421cdef-ce3c-4ccd-bf93-6c4e0cf6de6a;bb3285fc-6242-47c3-ab19-a13b1f6f3ac3
14610ba7-200f-4f97-ac6a-a06d6aa869a8;ac4530e3-4881-464f-a879-1d81793db8d0;6360faab-6955-4865-b101-740f7b9ba074
04d6a3bc-45e4-43cd-9ea8-468bb77362e6;6360faab-6955-4865-b101-740f7b9ba074;ac4530e3-4881-464f-a879-1d81793db8d0
7f886c6b-0334-4c54-a1fa-cdb53baf30f7;3cfc251b-7374-4f5d-880d-d9e34f9bfcc0;31f1fbd0-978a-40b5-8032-6bd0025f9b56
453d2847-3433-432d-aecb-07cccae32a33;09bc640b-d891-4d4c-889b-523a18b4f014;dc285227-60b8-4518-9364-80e0ed9af9cf
3157ca6f-34ab-4ac7-be81-6c6289a44ef2;dc285227-60b8-4518-9364-80e0ed9af9cf;3cfc251b-7374-4f5d-880d-d9e34f9bfcc0
12ef1c75-6525-4880-9075-bc851aed27cb;4d577cf5-6522-4d5b-b0a6-5fb51f52f7ed;02c8e1f4-a926-4bd2-9bb1-5374dbebf808
b52bcb79-f49f-4e71-aad5-ad3d12021301;02c8e1f4-a926-4bd2-9bb1-5374dbebf808;4d577cf5-6522-4d5b-b0a6-5fb51f52f7ed
ba3302ab-31cc-4503-ba7c-621669d0c179;6ab365b0-9997-408a-ba70-b53322c64271;bb3285fc-6242-47c3-ab19-a13b1f6f3ac3
6995bd8a-fb9a-4fe7-ad83-4d3485bbc5b9;bb3285fc-6242-47c3-ab19-a13b1f6f3ac3;6ab365b0-9997-408a-ba70-b53322c64271
1e89ed21-01a5-4864-82f9-ae2c237bfea5;4d577cf5-6522-4d5b-b0a6-5fb51f52f7ed;2124adc1-8bb7-474c-bea9-9f73cf279a9c
97d1f200-dba0-4fd5-bf2f-9a640ea27678;2124adc1-8bb7-474c-bea9-9f73cf279a9c;4d577cf5-6522-4d5b-b0a6-5fb51f52f7ed
4e795589-461b-4fab-8a7f-d3cd8d7499d7;00e64b63-5323-4189-b8a6-0256f60c14ca;bb3285fc-6242-47c3-ab19-a13b1f6f3ac3
55d970d9-4a53-4d66-ba0c-f33e13756468;4d577cf5-6522-4d5b-b0a6-5fb51f52f7ed;6ab365b0-9997-408a-ba70-b53322c64271
fae9061e-2e09-47f3-9f03-5ac6befbdb50;6ab365b0-9997-408a-ba70-b53322c64271;4d577cf5-6522-4d5b-b0a6-5fb51f52f7ed
36d456dd-51af-4c4f-bcd8-06c787644fcc;184cd42c-ae1f-49f5-86b0-158a4f2d2397;4d577cf5-6522-4d5b-b0a6-5fb51f52f7ed
987c41bd-d7f0-4233-8eb6-6b9b4a71ebae;de659062-e56c-4c49-aa0d-3c72fa07acce;bb3285fc-6242-47c3-ab19-a13b1f6f3ac3
2508793e-1e01-4095-9036-309071b69a04;c00460f8-dc2c-422a-8c22-082e9760280b;18dd03f6-73e5-431d-b702-7297f0f943b6
b096de78-c606-4101-981b-428eaa87f649;bb3285fc-6242-47c3-ab19-a13b1f6f3ac3;de659062-e56c-4c49-aa0d-3c72fa07acce
04522a4e-8982-4877-83a3-74e83e0ce877;daa38fc1-6e96-4ac6-9e7f-60652d614746;4d577cf5-6522-4d5b-b0a6-5fb51f52f7ed
225a7bab-9dbe-4418-8878-8627fc27bdce;4d577cf5-6522-4d5b-b0a6-5fb51f52f7ed;daa38fc1-6e96-4ac6-9e7f-60652d614746
581dab7a-4e1a-4621-a80f-05b7af194ebd;781de339-7f2e-4188-bec2-4dd4405fdedb;14f45bd9-404c-4311-8013-67bfdd186cb1
718eca2a-ca98-4698-bcee-8258da61e99a;14f45bd9-404c-4311-8013-67bfdd186cb1;781de339-7f2e-4188-bec2-4dd4405fdedb
35fe1912-6106-4db9-86a1-e572653fce2d;bb3285fc-6242-47c3-ab19-a13b1f6f3ac3;340f3256-bf91-464d-8c6d-500cdd43afd0
aa563239-4df1-48d4-9b3c-2b7f2731fb37;340f3256-bf91-464d-8c6d-500cdd43afd0;bb3285fc-6242-47c3-ab19-a13b1f6f3ac3
be69d199-1a9c-43b7-b0ba-236f7af2d3dc;f8a050f8-3014-4e63-b946-6e78fb449d43;6360faab-6955-4865-b101-740f7b9ba074
9f0a7fb5-5c35-49f7-88f0-7d0134d77357;f5bc7590-e014-4f75-ba88-05a00dde2ad3;f8a050f8-3014-4e63-b946-6e78fb449d43
85137b67-10ec-4802-9065-d82dc803cc49;3cfc251b-7374-4f5d-880d-d9e34f9bfcc0;a781030e-7437-4740-832d-578dbabde0c1
3ce8df20-8c3f-491d-a63e-b42a1bc671b0;a781030e-7437-4740-832d-578dbabde0c1;3cfc251b-7374-4f5d-880d-d9e34f9bfcc0
a8379c48-4f8c-4a24-982d-76ad155ca709;c00460f8-dc2c-422a-8c22-082e9760280b;8a3678c5-66da-4cc4-b3a3-558eedc3b63f
b8b370f8-3d3f-4496-99aa-cbd98b2779b1;8a3678c5-66da-4cc4-b3a3-558eedc3b63f;c00460f8-dc2c-422a-8c22-082e9760280b
567e1651-7808-48bd-ac77-eea28d86a4f5;ff0c966c-ce39-4169-ae10-3f6bf8e40a37;ff0c966c-ce39-4169-ae10-3f6bf8e40a37
148a148d-c68a-4bc1-ad65-4ec53c0bfea3;71b98b27-4ef9-405d-8d8e-1f1ee5b57355;2bff687b-21aa-4234-80a1-85d9a63013fc
485649c6-6b48-4d8e-a2ee-7367aa7bf97c;2bff687b-21aa-4234-80a1-85d9a63013fc;71b98b27-4ef9-405d-8d8e-1f1ee5b57355
df5f8bc4-b98a-48fa-a95d-cf008fc9556d;02c8e1f4-a926-4bd2-9bb1-5374dbebf808;2ff2ca58-f137-4956-bf38-28a58f47756f
733674f6-7034-4258-a82c-e1869f9600e9;51ce2f20-0090-403e-8bc7-ad3edbf93fef;bb3285fc-6242-47c3-ab19-a13b1f6f3ac3
23fb2b47-4f51-48b0-9c11-96176e80eb56;bb3285fc-6242-47c3-ab19-a13b1f6f3ac3;51ce2f20-0090-403e-8bc7-ad3edbf93fef
b7a2a10d-0d41-422b-bafe-4cf6c3485a48;18dd03f6-73e5-431d-b702-7297f0f943b6;c00460f8-dc2c-422a-8c22-082e9760280b
1b258102-4d99-458d-92d3-0469653f8969;b984e746-18a2-4ffb-b4d9-78235a39b79f;b4881349-860b-4029-8ad9-93c71b8d2c62
12b0adbf-d60d-4924-bfca-d20fe2b148da;b4881349-860b-4029-8ad9-93c71b8d2c62;4d577cf5-6522-4d5b-b0a6-5fb51f52f7ed
1551e89f-4052-45e7-a063-45cfce0a3abd;781de339-7f2e-4188-bec2-4dd4405fdedb;3f136bff-dece-4e86-9dc1-4f5c6395ef65
ba798834-89d8-453c-9b7d-b4be4286ade9;3f136bff-dece-4e86-9dc1-4f5c6395ef65;781de339-7f2e-4188-bec2-4dd4405fdedb
73c33b44-e7cc-4f93-8872-654b7fcfd3b4;6360faab-6955-4865-b101-740f7b9ba074;54304178-206f-47e6-b976-89530da31025
18226410-cb7a-44e9-9601-ca753f3a4f47;54304178-206f-47e6-b976-89530da31025;6360faab-6955-4865-b101-740f7b9ba074
097c8240-0aa1-4ecd-b52e-48db2526053f;c00460f8-dc2c-422a-8c22-082e9760280b;fa25785e-cfbd-4efa-b327-b4cf24b358a9
4ec260ad-b654-48cc-8d8e-c96397640fb8;fa25785e-cfbd-4efa-b327-b4cf24b358a9;c00460f8-dc2c-422a-8c22-082e9760280b
2960c20b-98b7-4be4-8764-b4724c2d8c47;c446cdfd-19d2-446e-8cf8-9db5fbdb2220;c446cdfd-19d2-446e-8cf8-9db5fbdb2220
7d1004c1-dc31-4599-91d6-65560007ebbf;01e4a45b-7503-475d-8bae-c359c3158686;c4f506c6-18a1-4585-a3f4-70701836681c
efa9e739-5436-415d-bbdc-fbd5fbbe92e6;c4f506c6-18a1-4585-a3f4-70701836681c;01e4a45b-7503-475d-8bae-c359c3158686
7c3c0aec-4068-4657-821f-16b675802131;6ab365b0-9997-408a-ba70-b53322c64271;e24fa877-2340-47b7-a2f7-22755522b6db
83b70c1a-4bfe-42e6-a0ce-0500d379ce25;01e4a45b-7503-475d-8bae-c359c3158686;01e4a45b-7503-475d-8bae-c359c3158686
2736e1f6-d751-49e0-8d61-08007870bd57;dc285227-60b8-4518-9364-80e0ed9af9cf;f0678f1d-8e35-4165-a325-d97c77284e3f
998f61df-c6b5-4a2b-915d-e7bdcbc887d5;f0678f1d-8e35-4165-a325-d97c77284e3f;dc285227-60b8-4518-9364-80e0ed9af9cf
a2bcc36e-c0b7-45cf-8e67-21120c9aa47f;f8a050f8-3014-4e63-b946-6e78fb449d43;f5bc7590-e014-4f75-ba88-05a00dde2ad3
47401f7b-b938-458a-a5ff-e224b78c68ee;6360faab-6955-4865-b101-740f7b9ba074;f8a050f8-3014-4e63-b946-6e78fb449d43
689a4594-9ddd-4e96-a97b-65673ac79025;09bc640b-d891-4d4c-889b-523a18b4f014;09bc640b-d891-4d4c-889b-523a18b4f014
8b42e9fc-5611-4d45-a29a-52816cca96b8;6ee17701-be53-483d-a83c-0daa558c52f3;339ff4ed-ea5b-4b6a-848c-19cf2db44bba
bf4ebb83-c4cb-4d68-abbc-c8fea0c88f87;339ff4ed-ea5b-4b6a-848c-19cf2db44bba;6ee17701-be53-483d-a83c-0daa558c52f3
f017121b-c54d-4c81-b3ed-256b8a1e20ba;02c8e1f4-a926-4bd2-9bb1-5374dbebf808;6ee17701-be53-483d-a83c-0daa558c52f3
0b3cfb56-5dd5-4088-93d6-ae0430236abb;3f136bff-dece-4e86-9dc1-4f5c6395ef65;e24fa877-2340-47b7-a2f7-22755522b6db
63f0f749-fe01-4f12-9990-34cb8495a1a8;e24fa877-2340-47b7-a2f7-22755522b6db;3f136bff-dece-4e86-9dc1-4f5c6395ef65
d70b25fb-38cc-44d5-84df-089125f0c2d3;01e4a45b-7503-475d-8bae-c359c3158686;3f136bff-dece-4e86-9dc1-4f5c6395ef65
71dc5b9f-e500-4455-8980-ee80c9d31456;3f136bff-dece-4e86-9dc1-4f5c6395ef65;01e4a45b-7503-475d-8bae-c359c3158686
5393d061-9591-4471-878c-9adbf913d7ba;3f136bff-dece-4e86-9dc1-4f5c6395ef65;f683cdce-4c29-4044-a603-d1bd8f29d032
0b9db31e-d89a-48f4-bbe4-ce5210bb9f28;f683cdce-4c29-4044-a603-d1bd8f29d032;3f136bff-dece-4e86-9dc1-4f5c6395ef65
847da01c-9db5-4808-9f3a-b68a91d16c38;6ee17701-be53-483d-a83c-0daa558c52f3;02c8e1f4-a926-4bd2-9bb1-5374dbebf808
61b39bf5-e1e0-4d42-99c5-47d956a06cb3;dc285227-60b8-4518-9364-80e0ed9af9cf;3f136bff-dece-4e86-9dc1-4f5c6395ef65
18d1b85c-2b51-4da6-9c95-92185546ae4b;2124adc1-8bb7-474c-bea9-9f73cf279a9c;6ee17701-be53-483d-a83c-0daa558c52f3
72b20c91-be98-43ae-9e25-79c35a72d45e;dc285227-60b8-4518-9364-80e0ed9af9cf;6ee17701-be53-483d-a83c-0daa558c52f3
b9de873d-9c4b-4632-a5aa-67fd70b33531;e24fa877-2340-47b7-a2f7-22755522b6db;6ee17701-be53-483d-a83c-0daa558c52f3
7fef9fc4-6791-45d3-82df-211a602b03c3;6ee17701-be53-483d-a83c-0daa558c52f3;dc285227-60b8-4518-9364-80e0ed9af9cf
e469ebfc-939c-4504-85f7-325eb33eb0c9;6ee17701-be53-483d-a83c-0daa558c52f3;2124adc1-8bb7-474c-bea9-9f73cf279a9c
5a9d84e1-33ba-44e2-953b-b90f36053f7c;dc285227-60b8-4518-9364-80e0ed9af9cf;27174c60-11c2-40c1-b681-c22ff019f0f1
ba49868e-2698-45ca-9a29-c7a3fe54cf73;27174c60-11c2-40c1-b681-c22ff019f0f1;dc285227-60b8-4518-9364-80e0ed9af9cf
6147effe-d523-42a9-bf6e-e5c18f2fef99;3f136bff-dece-4e86-9dc1-4f5c6395ef65;dc285227-60b8-4518-9364-80e0ed9af9cf
85ee3b8b-b5f2-4f22-b857-5b77d14bfeee;2124adc1-8bb7-474c-bea9-9f73cf279a9c;3f136bff-dece-4e86-9dc1-4f5c6395ef65
977fb274-3640-471a-8473-140e032a4d33;3f136bff-dece-4e86-9dc1-4f5c6395ef65;2d9f3559-fec8-4ece-bf1b-f86ed0d5f245
36b0a78b-c254-4f33-8517-f9c6c962815c;2d9f3559-fec8-4ece-bf1b-f86ed0d5f245;3f136bff-dece-4e86-9dc1-4f5c6395ef65
1ab498d5-fe2f-4910-a7e0-dbd1cd14c0a1;e24fa877-2340-47b7-a2f7-22755522b6db;27e6393f-f44d-4d2e-907c-215239c00926
7e5d55ea-9227-44d5-8e13-b8e83859525e;3f136bff-dece-4e86-9dc1-4f5c6395ef65;2124adc1-8bb7-474c-bea9-9f73cf279a9c
8c81cfd7-8644-4fcc-b820-3176b5ad75fc;1d5b2b24-c211-4181-92c5-166cc152b5bd;e24fa877-2340-47b7-a2f7-22755522b6db
27ea7e63-74f1-4452-9dd5-80e3919a15fc;e24fa877-2340-47b7-a2f7-22755522b6db;1d5b2b24-c211-4181-92c5-166cc152b5bd
b70861d5-d7e9-4bd1-94d7-22fc305abca8;27e6393f-f44d-4d2e-907c-215239c00926;e24fa877-2340-47b7-a2f7-22755522b6db
b269ae02-378a-4654-994d-d60d4ab5fdd6;6ee17701-be53-483d-a83c-0daa558c52f3;e24fa877-2340-47b7-a2f7-22755522b6db
4ed7d045-609e-4b22-b19d-6e613a199bf5;2620c156-321d-4df8-aa29-ab512030fd4b;4d577cf5-6522-4d5b-b0a6-5fb51f52f7ed
e28b628f-c011-4808-9d53-aa9341425fd3;4d577cf5-6522-4d5b-b0a6-5fb51f52f7ed;2620c156-321d-4df8-aa29-ab512030fd4b
678f12c9-0240-4240-a92d-b5cde3064021;bb3285fc-6242-47c3-ab19-a13b1f6f3ac3;ac4530e3-4881-464f-a879-1d81793db8d0
45d6a460-3ab3-4d07-b2db-3175dc7d0174;bb3285fc-6242-47c3-ab19-a13b1f6f3ac3;29eaa7d6-bf6a-46ac-990e-068a3d6cb912
8c995085-e05c-48ac-bde5-5a238aeb182e;09bc640b-d891-4d4c-889b-523a18b4f014;6ee17701-be53-483d-a83c-0daa558c52f3
059893d9-0e81-4c31-acff-a5dd95fa92a0;ff0c966c-ce39-4169-ae10-3f6bf8e40a37;6ee17701-be53-483d-a83c-0daa558c52f3
b3661779-bf3a-48db-bd54-e82f51a3905a;6ee17701-be53-483d-a83c-0daa558c52f3;ff0c966c-ce39-4169-ae10-3f6bf8e40a37
6b8d03c2-8bf8-4d24-ac1f-413e519f1b1e;44fb139a-3338-4d49-a6ba-6d6a3c440d4b;4d577cf5-6522-4d5b-b0a6-5fb51f52f7ed
7833fde0-baa6-4c01-b53d-09f7c9f987e7;02c8e1f4-a926-4bd2-9bb1-5374dbebf808;02c8e1f4-a926-4bd2-9bb1-5374dbebf808
c3605dbc-5660-42cd-bc2a-56feaaa46ca8;e2f9af4d-a6d0-44aa-a06a-2d2241cac661;e2f9af4d-a6d0-44aa-a06a-2d2241cac661
fd10fa86-a2e0-400b-bce8-0e1ccd48264e;a9d28e09-37cb-4383-89a8-d256103ecdbe;a9d28e09-37cb-4383-89a8-d256103ecdbe
bc357a26-5fd1-45b7-bfbf-4ea59804b511;89f93642-083d-4153-9345-6680db22eb27;3cfc251b-7374-4f5d-880d-d9e34f9bfcc0
91cc4b43-2a3c-483f-8b97-df31b6a3b3ee;f683cdce-4c29-4044-a603-d1bd8f29d032;f683cdce-4c29-4044-a603-d1bd8f29d032
dd1ded77-ca3d-4999-880b-999791be57b7;3cfc251b-7374-4f5d-880d-d9e34f9bfcc0;89f93642-083d-4153-9345-6680db22eb27
59aab124-9cc4-4929-9db4-3181aa977567;c337ff37-7510-443c-be2a-8a52de7b92cb;c337ff37-7510-443c-be2a-8a52de7b92cb
fd39bf5f-8cc4-4c13-b2b5-c726b7ca6247;2d9f3559-fec8-4ece-bf1b-f86ed0d5f245;2d9f3559-fec8-4ece-bf1b-f86ed0d5f245
e63688fa-c53a-4cbc-92b6-582561480828;4d577cf5-6522-4d5b-b0a6-5fb51f52f7ed;2d9f3559-fec8-4ece-bf1b-f86ed0d5f245
a3dac147-9317-4e89-a089-08d074a07210;bb3285fc-6242-47c3-ab19-a13b1f6f3ac3;dc285227-60b8-4518-9364-80e0ed9af9cf
552f252c-93c9-4036-91e7-25c6d3611755;8d108536-d228-4475-a1c2-2984d6905fd8;8d108536-d228-4475-a1c2-2984d6905fd8
b82060c2-cc36-450a-a679-bfc2b2cdc341;dc285227-60b8-4518-9364-80e0ed9af9cf;bb3285fc-6242-47c3-ab19-a13b1f6f3ac3
d95f368b-d162-4586-8961-467e2178eb8e;bb3285fc-6242-47c3-ab19-a13b1f6f3ac3;2e357554-3562-46f0-9f1f-50e159689551
d8757b3a-88c8-407e-859d-e455b37ae900;2e357554-3562-46f0-9f1f-50e159689551;bb3285fc-6242-47c3-ab19-a13b1f6f3ac3
ee6f1995-0f06-448c-b2f5-a2164d97ca24;e24fa877-2340-47b7-a2f7-22755522b6db;e24fa877-2340-47b7-a2f7-22755522b6db
f51a1cc0-37d6-4477-85b8-b55245e74fe0;4e593287-823f-4476-bd2a-02c6b58b662c;e2f9af4d-a6d0-44aa-a06a-2d2241cac661
27a32b54-1471-4521-9cd5-2c8753fd6493;4d577cf5-6522-4d5b-b0a6-5fb51f52f7ed;f5bc7590-e014-4f75-ba88-05a00dde2ad3
09b142d4-774d-4509-a97e-8471a88f2707;f5bc7590-e014-4f75-ba88-05a00dde2ad3;4d577cf5-6522-4d5b-b0a6-5fb51f52f7ed
375cebaf-5a76-40cc-9e32-c66200bf06ce;2ff2ca58-f137-4956-bf38-28a58f47756f;2124adc1-8bb7-474c-bea9-9f73cf279a9c
786f8887-98e9-4efb-a0d8-be27a8e030bb;e2f9af4d-a6d0-44aa-a06a-2d2241cac661;2620c156-321d-4df8-aa29-ab512030fd4b
08dbb233-63a6-4263-9332-6f3d2e0d672e;339ff4ed-ea5b-4b6a-848c-19cf2db44bba;339ff4ed-ea5b-4b6a-848c-19cf2db44bba
4d214825-923b-4e3d-9653-0c546bfb41f9;781de339-7f2e-4188-bec2-4dd4405fdedb;781de339-7f2e-4188-bec2-4dd4405fdedb
f56a76ce-fd37-4522-99a7-1f0c2a9de64e;ce16f36e-fc80-46a3-90f6-915894c976c3;ce16f36e-fc80-46a3-90f6-915894c976c3
93d3c17e-c001-4d59-960e-bb4d26265708;09bc640b-d891-4d4c-889b-523a18b4f014;781de339-7f2e-4188-bec2-4dd4405fdedb
b3fa3893-c021-496f-a2c4-fe494a9decd1;33b20f9f-6e41-4ec1-b12b-b14011f17435;33b20f9f-6e41-4ec1-b12b-b14011f17435
2c1510b6-5364-4bb1-bf90-6fc49cfe967a;2124adc1-8bb7-474c-bea9-9f73cf279a9c;2124adc1-8bb7-474c-bea9-9f73cf279a9c
fa6d2807-da72-441b-99b1-0a8c54a3bd28;c446cdfd-19d2-446e-8cf8-9db5fbdb2220;02c8e1f4-a926-4bd2-9bb1-5374dbebf808
80bae9bf-1a93-4fc6-9c5d-df3cdd369247;32c2c24e-3155-41f4-a4ef-2825b2197128;02c8e1f4-a926-4bd2-9bb1-5374dbebf808
1723550f-2a19-4839-9a03-f4cada4150a7;199331c2-e225-479c-b3c3-adc62814683f;02c8e1f4-a926-4bd2-9bb1-5374dbebf808
a2c917c3-285e-4cf6-8695-664217ae04f2;2124adc1-8bb7-474c-bea9-9f73cf279a9c;02c8e1f4-a926-4bd2-9bb1-5374dbebf808
433d19b5-0eb7-44a0-8b43-ecae53eb8a8b;44fb139a-3338-4d49-a6ba-6d6a3c440d4b;09bc640b-d891-4d4c-889b-523a18b4f014
f32e5b6e-b7dc-4cd4-89c7-c7cf7a3d4adc;00e64b63-5323-4189-b8a6-0256f60c14ca;c4f506c6-18a1-4585-a3f4-70701836681c
46ac1e94-7093-4681-a74f-3d6e5c1587e1;a9d28e09-37cb-4383-89a8-d256103ecdbe;3f136bff-dece-4e86-9dc1-4f5c6395ef65
7d31abef-2393-4898-8998-54fbde3b7c8d;dc285227-60b8-4518-9364-80e0ed9af9cf;7af4bd6f-4801-4def-95cd-37b3476ccda2
4f2951c9-da88-4104-9075-83ed3aeddc1a;dc285227-60b8-4518-9364-80e0ed9af9cf;89f93642-083d-4153-9345-6680db22eb27
ec90ec65-f190-421b-87c0-fc11dcd3c865;89f93642-083d-4153-9345-6680db22eb27;dc285227-60b8-4518-9364-80e0ed9af9cf
2a6ac35e-07e5-4ec3-b438-d63f58384cd1;32c2c24e-3155-41f4-a4ef-2825b2197128;dc285227-60b8-4518-9364-80e0ed9af9cf
353c1215-fd8e-483a-b451-0870802a672f;dc285227-60b8-4518-9364-80e0ed9af9cf;284a5463-0e92-48d1-a822-1fb69be165db
6c258b69-7252-48c1-aa2e-ef35be3722e7;dc285227-60b8-4518-9364-80e0ed9af9cf;32c2c24e-3155-41f4-a4ef-2825b2197128
c9ba3984-96af-4552-9d08-5a0fe622a6e2;284a5463-0e92-48d1-a822-1fb69be165db;dc285227-60b8-4518-9364-80e0ed9af9cf
c6bb359a-805f-4fdc-8587-7f18b7de419d;dc285227-60b8-4518-9364-80e0ed9af9cf;c337ff37-7510-443c-be2a-8a52de7b92cb
07eb4e5b-760e-40e9-9e71-9e54f78bf770;dc285227-60b8-4518-9364-80e0ed9af9cf;e24fa877-2340-47b7-a2f7-22755522b6db
3d9a4883-aedf-4920-a9b2-014810858aa4;dc285227-60b8-4518-9364-80e0ed9af9cf;8421cdef-ce3c-4ccd-bf93-6c4e0cf6de6a
d86a7f34-8fbb-4660-8793-5df10f200fde;c337ff37-7510-443c-be2a-8a52de7b92cb;dc285227-60b8-4518-9364-80e0ed9af9cf
50f529d5-52cd-491e-9f03-59382fae9f94;dc285227-60b8-4518-9364-80e0ed9af9cf;2124adc1-8bb7-474c-bea9-9f73cf279a9c
984ebf04-d933-4222-b77b-2b0dddbedb3f;2124adc1-8bb7-474c-bea9-9f73cf279a9c;dc285227-60b8-4518-9364-80e0ed9af9cf
4e34045c-0857-48a4-9de8-19136ae182b0;dc285227-60b8-4518-9364-80e0ed9af9cf;02c8e1f4-a926-4bd2-9bb1-5374dbebf808
2baa91b5-d0c4-4e20-a83a-5389ac66ac4f;02c8e1f4-a926-4bd2-9bb1-5374dbebf808;dc285227-60b8-4518-9364-80e0ed9af9cf
70b8c52b-cde0-453f-94de-b5ce3f4ce770;01e4a45b-7503-475d-8bae-c359c3158686;dc285227-60b8-4518-9364-80e0ed9af9cf
f0f74fe4-7365-4251-8952-c71c39eea933;dc285227-60b8-4518-9364-80e0ed9af9cf;01e4a45b-7503-475d-8bae-c359c3158686
af4f809c-e5b6-4d3c-9a60-a78a6feaebd1;44fb139a-3338-4d49-a6ba-6d6a3c440d4b;dc285227-60b8-4518-9364-80e0ed9af9cf
8a781389-90e6-4c61-ba78-3fdfdc8d8b89;dc285227-60b8-4518-9364-80e0ed9af9cf;44fb139a-3338-4d49-a6ba-6d6a3c440d4b
293be573-b0da-42dc-a168-6cf1faf2ff37;da255860-d69f-4893-8123-fa8466893180;09bc640b-d891-4d4c-889b-523a18b4f014
31f53dba-ef32-4d66-ad51-e549a1bbf120;09bc640b-d891-4d4c-889b-523a18b4f014;da255860-d69f-4893-8123-fa8466893180
d4db3085-c40a-4a4d-b5ce-f421329f1abb;dc285227-60b8-4518-9364-80e0ed9af9cf;f0abdc47-bab8-4c04-9a45-0b9cca7a3ee7
3596de6e-6642-4633-879d-a880d98b989f;f0abdc47-bab8-4c04-9a45-0b9cca7a3ee7;dc285227-60b8-4518-9364-80e0ed9af9cf
2f6635e3-2820-45fd-b01b-d9f133a9a439;781de339-7f2e-4188-bec2-4dd4405fdedb;dc285227-60b8-4518-9364-80e0ed9af9cf
5c537c75-815c-45b8-b892-d4ad8aadd975;dc285227-60b8-4518-9364-80e0ed9af9cf;781de339-7f2e-4188-bec2-4dd4405fdedb
c8867c00-343d-4aa3-b096-cfb43ff5eb70;dc285227-60b8-4518-9364-80e0ed9af9cf;4e593287-823f-4476-bd2a-02c6b58b662c
4d992689-05fb-4b5d-a488-390d695a356b;8421cdef-ce3c-4ccd-bf93-6c4e0cf6de6a;dc285227-60b8-4518-9364-80e0ed9af9cf
c8c84f78-cca6-42cf-860e-db917a7c328d;4e593287-823f-4476-bd2a-02c6b58b662c;dc285227-60b8-4518-9364-80e0ed9af9cf
84f10f21-66a7-47ac-bbb0-46df303027d9;e24fa877-2340-47b7-a2f7-22755522b6db;dc285227-60b8-4518-9364-80e0ed9af9cf
89dd4012-90f7-4705-a1d0-f85d69237b90;09bc640b-d891-4d4c-889b-523a18b4f014;c446cdfd-19d2-446e-8cf8-9db5fbdb2220
6ea8caff-cc3c-4830-8bf1-94d513d38234;1d5b2b24-c211-4181-92c5-166cc152b5bd;09bc640b-d891-4d4c-889b-523a18b4f014
093defdd-62c7-4085-a60a-2186c0e28b14;09bc640b-d891-4d4c-889b-523a18b4f014;1d5b2b24-c211-4181-92c5-166cc152b5bd
e6cb03d9-73e1-4e03-b897-b0faa6a0d75f;c446cdfd-19d2-446e-8cf8-9db5fbdb2220;09bc640b-d891-4d4c-889b-523a18b4f014
0a79545c-2f3f-44ac-9113-e784f7bb845a;fd6e6e6b-8ad8-43b0-b354-c348b313720e;09bc640b-d891-4d4c-889b-523a18b4f014
2741aa77-d7ab-40c8-8814-60e8e1e32116;09bc640b-d891-4d4c-889b-523a18b4f014;fd6e6e6b-8ad8-43b0-b354-c348b313720e
c0d277e0-5ca5-4afb-b4d6-1e15b9074ec1;09bc640b-d891-4d4c-889b-523a18b4f014;6360faab-6955-4865-b101-740f7b9ba074
e5878e4d-6781-4393-a497-3f996127f1ba;6360faab-6955-4865-b101-740f7b9ba074;09bc640b-d891-4d4c-889b-523a18b4f014
610ba930-9cfb-4c1b-833a-6b9e236c0230;2bff687b-21aa-4234-80a1-85d9a63013fc;09bc640b-d891-4d4c-889b-523a18b4f014
fdcf6f14-328d-4fdb-bb23-3dfbd9174f96;09bc640b-d891-4d4c-889b-523a18b4f014;2bff687b-21aa-4234-80a1-85d9a63013fc
56fbee35-9ded-460e-9e8a-db8a2937601a;09bc640b-d891-4d4c-889b-523a18b4f014;20320f5b-4e9d-4342-9f85-98680ceece9e
8048d31d-08b5-4471-9e8d-d1be549e9594;09bc640b-d891-4d4c-889b-523a18b4f014;3cfc251b-7374-4f5d-880d-d9e34f9bfcc0
519ffbe2-2eab-4292-ae95-97f9633e25d3;3cfc251b-7374-4f5d-880d-d9e34f9bfcc0;09bc640b-d891-4d4c-889b-523a18b4f014
d6ac5d6c-d1e2-4d01-b3d1-90dd01f76db6;09bc640b-d891-4d4c-889b-523a18b4f014;daa38fc1-6e96-4ac6-9e7f-60652d614746
fafe99cf-15a3-4baa-acec-58e177d8ef24;6360faab-6955-4865-b101-740f7b9ba074;c9eb8e75-779b-4513-920f-00750d7064d2
734235a0-50f1-48e9-9ec5-37d12781c602;c9eb8e75-779b-4513-920f-00750d7064d2;09bc640b-d891-4d4c-889b-523a18b4f014
e6931cae-5cde-4702-8c4f-2d86c0c0ef60;c9eb8e75-779b-4513-920f-00750d7064d2;d946b7f7-0fc9-4655-a46d-f002f8ee5de0
65e0014d-47ab-456b-ae2e-89d7071e2aec;09bc640b-d891-4d4c-889b-523a18b4f014;c9eb8e75-779b-4513-920f-00750d7064d2
08eb2a2a-01cd-467e-900c-b9f1031a5a19;781de339-7f2e-4188-bec2-4dd4405fdedb;1d5b2b24-c211-4181-92c5-166cc152b5bd
17042042-d5f3-45e9-ae99-c2bd8ea79dbb;781de339-7f2e-4188-bec2-4dd4405fdedb;6ee17701-be53-483d-a83c-0daa558c52f3
d1ba988a-bb63-4e55-bdd3-a479989f0b55;c4f506c6-18a1-4585-a3f4-70701836681c;781de339-7f2e-4188-bec2-4dd4405fdedb
1e5f7069-9a67-495f-ae68-1e730eb04186;6ee17701-be53-483d-a83c-0daa558c52f3;781de339-7f2e-4188-bec2-4dd4405fdedb
57a5a3ae-7056-48e5-bd2c-45b3e6b1c925;781de339-7f2e-4188-bec2-4dd4405fdedb;2bff687b-21aa-4234-80a1-85d9a63013fc
334cb7fe-a920-4111-90aa-9e23870d6a1c;2bff687b-21aa-4234-80a1-85d9a63013fc;781de339-7f2e-4188-bec2-4dd4405fdedb
f8685fc8-d73e-4306-812d-dd8c9b31fc75;1d5b2b24-c211-4181-92c5-166cc152b5bd;781de339-7f2e-4188-bec2-4dd4405fdedb
0a1e8809-9e9e-4dc6-8714-967d4177435c;c337ff37-7510-443c-be2a-8a52de7b92cb;781de339-7f2e-4188-bec2-4dd4405fdedb
62a95537-3884-4640-8294-80a4a11836b1;781de339-7f2e-4188-bec2-4dd4405fdedb;09bc640b-d891-4d4c-889b-523a18b4f014
4dafdfe4-22b2-4f52-8709-9dcac9be1caa;ac4530e3-4881-464f-a879-1d81793db8d0;09bc640b-d891-4d4c-889b-523a18b4f014
3b574bc8-1f97-46b4-b7c0-953413fcab09;09bc640b-d891-4d4c-889b-523a18b4f014;ac4530e3-4881-464f-a879-1d81793db8d0
c04f47a0-0bf8-47a2-ab57-ae3d93e982b2;781de339-7f2e-4188-bec2-4dd4405fdedb;c4f506c6-18a1-4585-a3f4-70701836681c
2159dc82-3ed8-43db-b983-e9fef985eb75;09bc640b-d891-4d4c-889b-523a18b4f014;c4f506c6-18a1-4585-a3f4-70701836681c
80309a71-1b08-44f2-95d1-7573ebe0a077;c4f506c6-18a1-4585-a3f4-70701836681c;09bc640b-d891-4d4c-889b-523a18b4f014
aaaf2216-181f-4c73-aa15-0750785ac3b9;09bc640b-d891-4d4c-889b-523a18b4f014;c337ff37-7510-443c-be2a-8a52de7b92cb
02a5dd35-b373-40a6-a3ed-2a634afa7293;c337ff37-7510-443c-be2a-8a52de7b92cb;09bc640b-d891-4d4c-889b-523a18b4f014
32af027e-f992-4056-b04f-4f173fef39ff;09bc640b-d891-4d4c-889b-523a18b4f014;27e6393f-f44d-4d2e-907c-215239c00926
89f7b4d5-831a-4197-ad68-5f4472770733;27e6393f-f44d-4d2e-907c-215239c00926;09bc640b-d891-4d4c-889b-523a18b4f014
44d356d6-419c-4a20-a1d3-32962666ca3a;dc285227-60b8-4518-9364-80e0ed9af9cf;a9d28e09-37cb-4383-89a8-d256103ecdbe
7615a84a-bb14-4e1c-adf4-084765a47ce7;dc285227-60b8-4518-9364-80e0ed9af9cf;e2f9af4d-a6d0-44aa-a06a-2d2241cac661
0f5a589a-59a9-4e0c-bbea-d08333f64b45;e2f9af4d-a6d0-44aa-a06a-2d2241cac661;dc285227-60b8-4518-9364-80e0ed9af9cf
a797ac52-e2df-41b4-890e-6dce9d15a830;00e64b63-5323-4189-b8a6-0256f60c14ca;09bc640b-d891-4d4c-889b-523a18b4f014
24cfdf32-32a3-466a-bca9-cd88b367e0a0;27e6393f-f44d-4d2e-907c-215239c00926;781de339-7f2e-4188-bec2-4dd4405fdedb
21888292-8823-4309-b3f9-1e7b1f979421;781de339-7f2e-4188-bec2-4dd4405fdedb;27e6393f-f44d-4d2e-907c-215239c00926
0a3ac5d3-2979-4e65-a077-5863410a9471;6ab365b0-9997-408a-ba70-b53322c64271;dc285227-60b8-4518-9364-80e0ed9af9cf
e285643d-60e2-4e9b-b4d0-5a214ed86ecd;dc285227-60b8-4518-9364-80e0ed9af9cf;6ab365b0-9997-408a-ba70-b53322c64271
e4d9dfa3-adf0-4a47-9851-58406731ec58;09bc640b-d891-4d4c-889b-523a18b4f014;00e64b63-5323-4189-b8a6-0256f60c14ca
c0c53c0b-b7c1-4c78-9b51-9b8a5b957f1c;781de339-7f2e-4188-bec2-4dd4405fdedb;3fdd0ac8-10aa-401b-a76c-20e9d40a9b24
a83d67a0-e29b-4d39-b5a1-6bd0a16db43f;781de339-7f2e-4188-bec2-4dd4405fdedb;c337ff37-7510-443c-be2a-8a52de7b92cb
9161ad44-f313-49d5-88bc-91d60295ba29;09bc640b-d891-4d4c-889b-523a18b4f014;89f93642-083d-4153-9345-6680db22eb27
d8f1c1a4-a8e0-43b5-86f6-5dc7297ea139;89f93642-083d-4153-9345-6680db22eb27;09bc640b-d891-4d4c-889b-523a18b4f014
388b5b46-61e4-455e-b983-bbeb8ad29e9e;7af4bd6f-4801-4def-95cd-37b3476ccda2;dc285227-60b8-4518-9364-80e0ed9af9cf
713eac43-7bc0-40c5-af32-1101084242e0;daa38fc1-6e96-4ac6-9e7f-60652d614746;2bff687b-21aa-4234-80a1-85d9a63013fc
a68917d7-a0fd-41eb-b129-cea384ba0b7f;7af4bd6f-4801-4def-95cd-37b3476ccda2;4d577cf5-6522-4d5b-b0a6-5fb51f52f7ed
7fe87596-a662-4d4b-b591-4cbf042d8fed;dc285227-60b8-4518-9364-80e0ed9af9cf;f683cdce-4c29-4044-a603-d1bd8f29d032
0ca90605-7c67-48c2-a93b-e0af16c47167;f683cdce-4c29-4044-a603-d1bd8f29d032;dc285227-60b8-4518-9364-80e0ed9af9cf
3018051a-bd19-46a1-9a3b-bf3b3e234f75;dc285227-60b8-4518-9364-80e0ed9af9cf;2ff2ca58-f137-4956-bf38-28a58f47756f
a8c68e72-246d-4065-a2c4-e81fe2719a20;2ff2ca58-f137-4956-bf38-28a58f47756f;dc285227-60b8-4518-9364-80e0ed9af9cf
3865a0d7-acd2-4229-a261-c8a265c2ffa2;20320f5b-4e9d-4342-9f85-98680ceece9e;09bc640b-d891-4d4c-889b-523a18b4f014
456b28a7-45f9-432d-9125-953b34a01fd0;01e4a45b-7503-475d-8bae-c359c3158686;09bc640b-d891-4d4c-889b-523a18b4f014
67a968cf-3819-439a-b2e1-eb1875003973;09bc640b-d891-4d4c-889b-523a18b4f014;01e4a45b-7503-475d-8bae-c359c3158686
a1374050-f7ca-4326-9558-5435e7c967af;daa38fc1-6e96-4ac6-9e7f-60652d614746;09bc640b-d891-4d4c-889b-523a18b4f014
08bf2109-58c8-4d51-a879-766cc4b16ac1;d946b7f7-0fc9-4655-a46d-f002f8ee5de0;c9eb8e75-779b-4513-920f-00750d7064d2
b3510608-8bf5-485b-bae8-91d76f7caaf1;1d5b2b24-c211-4181-92c5-166cc152b5bd;6360faab-6955-4865-b101-740f7b9ba074
c956ab13-4b74-45ae-bbfa-a722484e247a;6360faab-6955-4865-b101-740f7b9ba074;1d5b2b24-c211-4181-92c5-166cc152b5bd
aaf0082c-69fb-42b3-8e53-857654e9e84d;781de339-7f2e-4188-bec2-4dd4405fdedb;01e4a45b-7503-475d-8bae-c359c3158686
6b6ea1d4-a053-4e6a-9042-f662c3f3d799;01e4a45b-7503-475d-8bae-c359c3158686;781de339-7f2e-4188-bec2-4dd4405fdedb
faa9465b-20f3-403f-a929-720290796742;a9d28e09-37cb-4383-89a8-d256103ecdbe;dc285227-60b8-4518-9364-80e0ed9af9cf
ef06eafe-4311-4a6b-89e7-932ce4b9ad11;dc285227-60b8-4518-9364-80e0ed9af9cf;ce16f36e-fc80-46a3-90f6-915894c976c3
3f403e15-3265-4cbb-a9ab-5ac247400ca8;ce16f36e-fc80-46a3-90f6-915894c976c3;dc285227-60b8-4518-9364-80e0ed9af9cf
85fcf25d-595c-41cb-9a35-4a4ad9e36152;3fdd0ac8-10aa-401b-a76c-20e9d40a9b24;781de339-7f2e-4188-bec2-4dd4405fdedb
945f95d3-a1e3-44c1-bc74-934bb0d83704;c9eb8e75-779b-4513-920f-00750d7064d2;6360faab-6955-4865-b101-740f7b9ba074
7ddcabb7-9a26-4ac7-b955-e04e2c330fe1;dc285227-60b8-4518-9364-80e0ed9af9cf;29eaa7d6-bf6a-46ac-990e-068a3d6cb912
665b5c60-b55b-4e4b-ace7-2a847556efb6;29eaa7d6-bf6a-46ac-990e-068a3d6cb912;dc285227-60b8-4518-9364-80e0ed9af9cf
6cc35474-9ffa-4c60-b1c4-f702a90bb778;4d577cf5-6522-4d5b-b0a6-5fb51f52f7ed;7c35c3ac-817b-4f1d-9547-7ebcf11a641b
c41eaa4d-4cea-4d3b-887b-f29dd18eddf8;00e64b63-5323-4189-b8a6-0256f60c14ca;dc285227-60b8-4518-9364-80e0ed9af9cf
4b58c695-9f7d-4bd0-b68f-f65bba305c6b;7c35c3ac-817b-4f1d-9547-7ebcf11a641b;4d577cf5-6522-4d5b-b0a6-5fb51f52f7ed
7f10def2-2c64-4abf-8896-133f8ee10df4;c337ff37-7510-443c-be2a-8a52de7b92cb;3f136bff-dece-4e86-9dc1-4f5c6395ef65
d3031052-3a84-4994-8520-11f0eb34161e;3f136bff-dece-4e86-9dc1-4f5c6395ef65;c337ff37-7510-443c-be2a-8a52de7b92cb
605b4a73-1ae2-4404-b7a3-06c85de96192;c4f506c6-18a1-4585-a3f4-70701836681c;27e6393f-f44d-4d2e-907c-215239c00926
423659fb-f7ab-43c0-8fb4-7f33684eed6b;3cfc251b-7374-4f5d-880d-d9e34f9bfcc0;8421cdef-ce3c-4ccd-bf93-6c4e0cf6de6a
140d6003-2a3b-4fa1-af9e-ec07508b657d;dc285227-60b8-4518-9364-80e0ed9af9cf;199331c2-e225-479c-b3c3-adc62814683f
d925cee0-da5b-4a24-a74a-8b95bdec46a0;199331c2-e225-479c-b3c3-adc62814683f;dc285227-60b8-4518-9364-80e0ed9af9cf
0ff4d103-88ac-4fad-80b5-7a77f4fd3262;fcbd827c-606a-4b0d-9e25-4f14f8d767a9;dc285227-60b8-4518-9364-80e0ed9af9cf
47c7eacd-534a-47bd-9686-7ecf31f61b35;199331c2-e225-479c-b3c3-adc62814683f;3cfc251b-7374-4f5d-880d-d9e34f9bfcc0
f5b123fa-a02d-43cd-b6a5-cad306f0902e;dc285227-60b8-4518-9364-80e0ed9af9cf;31f1fbd0-978a-40b5-8032-6bd0025f9b56
5289be9e-0950-428f-90a0-9678ab3ac7a2;31f1fbd0-978a-40b5-8032-6bd0025f9b56;dc285227-60b8-4518-9364-80e0ed9af9cf
7dd40b08-8d86-4caa-8445-605df723c635;1d5b2b24-c211-4181-92c5-166cc152b5bd;c4f506c6-18a1-4585-a3f4-70701836681c
03272353-739b-48f4-8c5d-959f08afbf2e;6360faab-6955-4865-b101-740f7b9ba074;da255860-d69f-4893-8123-fa8466893180
37ca16d4-8042-4109-9602-078f7e6d7f75;781de339-7f2e-4188-bec2-4dd4405fdedb;8421cdef-ce3c-4ccd-bf93-6c4e0cf6de6a
663dd623-d7e7-46ee-b365-61c201785f4c;3cfc251b-7374-4f5d-880d-d9e34f9bfcc0;7af4bd6f-4801-4def-95cd-37b3476ccda2
df1e5f5f-2350-4e62-8be0-75171bb9bb4d;781de339-7f2e-4188-bec2-4dd4405fdedb;3cfc251b-7374-4f5d-880d-d9e34f9bfcc0
ced9ef7b-48a7-4ec3-8a4f-78e3680fafdf;7af4bd6f-4801-4def-95cd-37b3476ccda2;781de339-7f2e-4188-bec2-4dd4405fdedb